"1250";"Nuclear fission is used for several key purposes:

1. **Nuclear Power Generation**: The most common use of nuclear fission is in nuclear power plants, where it serves as a method to produce electricity. In these plants, the energy released by fission reactions (typically using isotopes like uranium-235 or plutonium-239) is used to heat water, producing steam that drives"
"1214";"Half-life is a term commonly used in nuclear physics, chemistry, and pharmacology to describe the amount of time it takes for half of a substance to decay or diminish in quantity. In the context of radioactive decay, the half-life is the time it takes for half of the atoms in a sample of a radioactive isotope to decay into another element or isotope. This decay rate is exponential, meaning that in"
"1254";"A half-life is the period of time required for half of a quantity of a radioactive substance or a specific isotope to decay. It is a characteristic constant for each radioactive isotope, reflecting the rate at which it undergoes radioactive decay. Half-life is used to describe not only radioactive decay but also any exponential decay process, such as the elimination of a drug from the body or the decay of certain unstable elements"
"1212";"Radioactive waste is a type of hazardous waste that contains radioactive materials, which emit ionizing radiation. This waste is typically generated as a byproduct of nuclear processes, such as nuclear power generation, nuclear medicine, and various research and industrial activities involving radioactive materials. Because of the potential health and environmental risks associated with exposure to ionizing radiation, the management, handling, and disposal of radioactive waste require careful"
"1222";"A nuclear explosion is a highly destructive event that occurs when a significant amount of energy is released from either a nuclear fission or nuclear fusion reaction. Here are the key components of each type:

1. **Nuclear Fission**: This process involves splitting the nucleus of a heavy atom, such as uranium-235 or plutonium-239, into two smaller nuclei along with a few neutrons and"
"1213";"Radiotherapy, also known as radiation therapy, is a medical treatment that uses high doses of radiation to kill cancer cells and shrink tumors. It works by damaging the DNA within the cancerous cells, preventing them from growing and dividing. Over time, the damaged cells die and are broken down by the body.

Radiotherapy can be used as a standalone treatment or in combination with other treatments such as surgery,"
"1259";"A neutron bomb, also known as an enhanced radiation weapon (ERW), is a type of nuclear weapon designed to maximize lethal neutron radiation while minimizing the blast effects and long-lived radioactive fallout typical of conventional nuclear weapons. The primary intention behind the development of neutron bombs is to cause minimal immediate destruction to infrastructure while being highly effective against living organisms, particularly troops and personnel. 

The basic principle of a neutron"
"1220";"A nuclear reactor is a device used to initiate and control a sustained nuclear chain reaction. Nuclear reactors are primarily used for generating electricity, but they also have applications in research and medicine. The core of a nuclear reactor contains nuclear fuel, usually uranium-235 or plutonium-239, which undergoes fission. During fission, the nuclei of these atoms split into smaller parts, releasing a significant amount"
"1255";"Nuclear transmutation is the process of changing one chemical element or isotope into another through a nuclear reaction or radioactive decay. This occurs when the number of protons in the nucleus of an atom is altered, effectively transforming the element, since the chemical properties of an element are defined by the number of protons in its nucleus (its atomic number).

There are a few ways through which nuclear transmutation can"
"1264";"A nuclear chain reaction is a series of nuclear fissions (splits of atomic nuclei) each initiated by neutrons produced in a preceding fission. This reaction is a self-sustaining process where the neutrons released from one nuclear reaction go on to induce further reactions. The concept is fundamental in both nuclear power generation and nuclear weaponry.

To break it down further:

1. **Fission"
"1271";"A radioactive isotope, also known as a radioisotope or radionuclide, is an isotope of an element that is unstable and undergoes radioactive decay. During this process, the unstable nucleus releases energy in the form of radiation, which may include alpha particles, beta particles, or gamma rays. This decay transforms the original isotope into a different element or a different isotope of the same element.

Radioactive"
"1219";"A Geiger counter, also known as a Geiger-Müller counter, is a device used for detecting and measuring ionizing radiation. It is named after Hans Geiger and Walther Müller, who developed the technology. The instrument uses a Geiger-Müller tube, a gas-filled tube that when ionizing radiation passes through it, the gas becomes ionized and conducts a short pulse of"
"1272";"Nuclear waste, also known as radioactive waste, is the byproduct of nuclear reactors, nuclear research and medical procedures, and the production and testing of nuclear weapons. It contains radioactive materials that can remain hazardous to human health and the environment for thousands of years, depending on the type and half-life of the isotopes involved. Nuclear waste is typically categorized into different levels based on its radioactivity and the"
"1226";"Radioactivity is the process by which unstable atomic nuclei lose energy by emitting radiation. This process involves the spontaneous transformation of an unstable isotope (also known as a radioactive isotope or radionuclide) into a more stable form. During this transformation, energy is released in the form of particles or electromagnetic waves. The three most common types of radiation emitted are:

1. **Alpha particles**: These are heavy"
"1223";"A radioisotope thermoelectric generator (RTG) is a type of power generator that converts the heat released by the decay of radioactive isotopes into electricity. RTGs are widely used in situations where long-term, reliable power sources are needed but conventional power generation options like batteries or solar panels are impractical, such as in space missions or remote locations.

The primary components of an RTG include"
"1253";"A nuclear medicine scan is a diagnostic imaging procedure that uses small amounts of radioactive material to evaluate organ function and structure. This technique provides unique insights into a wide range of conditions by allowing physicians to visualize physiological processes within the body.

During the procedure, a radioactive tracer is administered to the patient, either through injection, ingestion, or inhalation. This tracer emits gamma rays, which are detected by a gamma"
"1252";"A radioisotope, or radioactive isotope, is a variant of a chemical element that has an unstable nucleus and emits radiation as it decays to a stable form. This process of radioactive decay involves the emission of alpha particles, beta particles, or gamma rays. Radioisotopes occur naturally, as in the case of uranium and radon, or can be artificially produced in laboratories or nuclear reactors."
"1227";"A radioactive isotope, also known as a radioisotope or radionuclide, is an isotope of an element that is unstable and undergoes radioactive decay. This decay process results in the emission of radiation in the form of alpha particles, beta particles, or gamma rays, leading to the transformation of the isotope into a different element or a different isotope of the same element. 

Radioactive isotopes are"
"1210";"A scintillation detector is a device used to detect and measure ionizing radiation by utilizing the process of scintillation. Scintillation is the emission of light (or photons) when certain materials are exposed to radiation. Here’s how a scintillation detector typically works:

1. **Scintillator Material**: The core component of a scintillation detector is the scintillator, which can be made of"
"1208";"A radioisotope, also known as a radioactive isotope or radionuclide, is an isotope of an element that has an unstable nucleus and emits radiation during its decay to a stable form. This instability results from an imbalance in the number of protons and neutrons within the nucleus. Radioisotopes can occur naturally, as in the case of isotopes like uranium-238 and carbon-14"
"1230";"A decay chain, also known as a radioactive decay series, is a sequence of radioactive decays that certain unstable atomic nuclei undergo until they reach a stable state. In these series, an initial radioactive parent isotope decays into a daughter isotope, which may also be radioactive. This process continues, often through multiple steps, until a stable, non-radioactive isotope is formed.

Each step in the chain involves"
"1236";"Radiation therapy, also known as radiotherapy, is a medical treatment that uses high doses of radiation to kill cancer cells and shrink tumors. It works by damaging the DNA of cancer cells, which impairs their ability to reproduce and grow. Over time, these damaged cells die off, and the tumor may shrink.

There are different types of radiation therapy, including:

1. **External Beam Radiation Therapy"
"1217";"A gamma ray is a form of electromagnetic radiation with an extremely high frequency and energy. It is part of the electromagnetic spectrum and resides at the high-energy end, beyond X-rays. Gamma rays typically have wavelengths less than 10 picometers, which is shorter than that of X-rays. They are produced by various processes, such as radioactive decay (as in the decay of atomic nuclei), nuclear reactions ("
"1262";"""Critical mass"" is a term that can be understood in a few different contexts, depending on the field of study or area of interest:

1. **Physics (Nuclear Physics):** In nuclear physics, critical mass refers to the minimum amount of fissile material needed to maintain a self-sustaining nuclear chain reaction. For example, in a nuclear reactor or an atomic bomb, achieving critical mass"
"1267";"A neutron is a subatomic particle found in the nucleus of an atom. It is electrically neutral, meaning it has no net electric charge, which distinguishes it from protons that carry a positive charge and electrons that carry a negative charge. Neutrons are roughly the same mass as protons, making them a crucial component of atomic mass.

The presence of neutrons in the nucleus contributes significantly to the"
"1258";"A breeder reactor is a type of nuclear reactor that generates more fissile material than it consumes. Typically, breeder reactors achieve this by converting fertile isotopes, such as uranium-238 or thorium-232, into fissile isotopes, like plutonium-239 or uranium-233, respectively, through a process called neutron capture followed by beta decay.

There are two main types of breeder reactors:

"
"1275";"Nuclear fission is a nuclear reaction in which the nucleus of an atom splits into two or more smaller, lighter nuclei, along with the release of a significant amount of energy. This process is usually initiated by the absorption of a neutron by a heavy nucleus, such as uranium-235 or plutonium-239. The split nuclei, referred to as fission fragments, are typically radioactive, and the"
"375";"The smallest species of whale is the dwarf sperm whale (*Kogia sima*). Dwarf sperm whales typically reach lengths of about 8.5 feet (2.6 meters) and weigh around 600 pounds (270 kilograms). They are closely related to the pygmy sperm whale, but are generally smaller in size."
"1207";"A fission product is a nucleus that is created when a larger atomic nucleus, such as that of uranium-235 or plutonium-239, undergoes nuclear fission. During this process, the original nucleus absorbs a neutron and becomes unstable, leading it to split into two or more smaller nuclei, along with a few additional neutrons and a significant amount of energy. These smaller nuclei are the f"
"1263";"A fuel rod is a long, cylindrical tube used in nuclear reactors to contain nuclear fuel, typically made of uranium or plutonium. These rods are a crucial component of the reactor's core, where the nuclear reactions occur. The fuel is usually in the form of ceramic pellets stacked inside the rod, which are then cladded in a material, such as zirconium alloy, to prevent the release of radioactive"
"1235";"A Geiger counter is a device used to detect and measure ionizing radiation, such as alpha particles, beta particles, and gamma rays. It consists of a Geiger-Müller tube filled with gas that becomes ionized when radiation passes through it. When these particles penetrate the tube, they ionize the gas inside, creating a pulse of electrical current. This pulse is then counted and often displayed"
"1265";"Radioactivity is the process by which unstable atomic nuclei spontaneously decay, releasing energy in the form of radiation. This phenomenon occurs because certain isotopes of elements are not stable due to an imbalance in the number of protons and neutrons in their nuclei. To reach a more stable state, these isotopes emit particles or electromagnetic waves.

There are three main types of radiation emitted during radioactive decay:

1."
"1260";"Radiation therapy, also known as radiotherapy, is a medical treatment that uses high doses of radiation to kill or damage cancer cells. It works by damaging the DNA inside these cells, which inhibits their ability to grow and divide. Over time, this can shrink tumors or eliminate cancerous cells entirely. The therapy is typically targeted at a specific area of the body to minimize damage to surrounding healthy tissue.

"
"1274";"A half-life is the amount of time it takes for a substance, particularly a radioactive isotope, to reduce to half its original quantity. This concept is commonly used in nuclear physics and chemistry to describe the rate of decay of radioactive materials. During each half-life period, half of the atoms in a sample of the isotope will undergo radioactive decay, transforming into a different element or isotope. The concept of half"
"1279";"A scintillation detector is a device used to detect and measure ionizing radiation by utilizing the process of scintillation. Scintillation is the emission of light (usually in the visible or ultraviolet range) that occurs when certain materials absorb ionizing radiation. The basic components of a scintillation detector include:

1. **Scintillator Material**: This is the substance that emits light when it absorbs radiation"
"1242";"A control rod is a crucial component used in nuclear reactors to manage the fission reaction. These rods are typically made of materials that can absorb neutrons, such as boron, cadmium, hafnium, or silver. By adjusting the position of control rods in the reactor core, operators can control the rate of the nuclear chain reaction: inserting the rods further into the core absorbs more neutrons,"
"1231";"A neutron moderator is a material used in nuclear reactors to slow down fast neutrons, effectively reducing their kinetic energy and thermalizing them. This process increases the likelihood of these neutrons interacting with fissile nuclei, such as uranium-235 or plutonium-239, thereby sustaining a controlled nuclear chain reaction.

Moderators work by causing elastic scattering with the neutrons, which involves collisions that reduce the neutron"
"1224";"Nuclear fission is a physical process in which the nucleus of an atom splits into two or more smaller, lighter nuclei, along with the release of a considerable amount of energy. This process often involves the absorption of a neutron by a heavy nucleus, such as uranium-235 or plutonium-239, which becomes unstable and divides into smaller nuclei, known as fission fragments. In addition to the"
"17";"An AI algorithm is a set of rules or instructions designed to solve problems or perform tasks by simulating aspects of human intelligence. These algorithms enable machines to learn from data, recognize patterns, make decisions, and improve over time without explicit programming for each task. Key types of AI algorithms include:

1. **Machine Learning Algorithms**: These algorithms enable systems to learn from data. Examples include supervised learning algorithms"
"1276";"""Critical mass"" is a term used in various contexts to describe the minimum size or amount of something required to initiate or sustain a particular process or effect. Here are a few examples of how the term is used in different fields:

1. **Physics/Nuclear Physics**: In nuclear physics, critical mass refers to the minimum amount of fissile material needed to maintain a nuclear chain reaction. If the"
"458";"The animal known for its ability to camouflage itself by changing both its color and texture to blend with its surroundings is the octopus. Specifically, the common octopus and other cephalopods like the cuttlefish and squid are renowned for this capability. They use specialized skin cells called chromatophores to change color and can also alter the texture of their skin to mimic the surfaces around them, making"
"1289";"Nuclear fusion is a process in which two light atomic nuclei combine to form a heavier nucleus, releasing a significant amount of energy in the process. This is the same reaction that powers stars, including our sun. In a fusion reaction, the mass of the resulting nucleus is slightly less than the sum of the original two nuclei; this missing mass is converted into energy according to Einstein's equation \(E="
"1215";"Nuclear fusion is a process where two light atomic nuclei combine to form a single heavier nucleus, releasing a significant amount of energy in the process. This reaction powers the sun and other stars, where hydrogen nuclei fuse to form helium under conditions of extremely high temperature and pressure.

Fusion has the potential to be a powerful source of energy because it can produce substantial amounts of energy with little nuclear waste and without the"
"1233";"Nuclear fuel is a material used in nuclear reactors to sustain a nuclear chain reaction. It typically consists of fissile isotopes, which are capable of maintaining a nuclear fission reaction when struck by neutrons. The most common nuclear fuels are uranium-235 and plutonium-239. Uranium-235 is naturally occurring and can be found in uranium ore, although it is usually enriched to increase its"
"1251";"Radiation is the emission or transmission of energy in the form of waves or particles through space or through a material medium. It can be classified into two main types: ionizing and non-ionizing radiation.

1. **Ionizing Radiation**: This type of radiation carries enough energy to liberate electrons from atoms or molecules, thereby ionizing them. It includes:
   - Alpha particles (\(\alpha"
"1247";"Alpha, beta, and gamma radiation are three types of ionizing radiation that are emitted by unstable atomic nuclei as they decay. Each type has different properties and levels of penetrating power:

1. **Alpha Radiation (α-rays):**
   - Composition: Alpha particles consist of two protons and two neutrons, essentially a helium nucleus.
   - Charge: They have a +2 charge due to the"
"1282";"A nuclear explosion is a powerful and destructive event resulting from the rapid release of energy through nuclear reactions. These reactions can be either fission, where the nucleus of an atom splits into smaller parts, or fusion, where nuclei combine to form a heavier nucleus. Both processes release a vast amount of energy due to the conversion of some mass into energy, as described by Albert Einstein’s famous equation, \(E"
"1241";"A fuel rod is a cylindrical component used in nuclear reactors to contain nuclear fuel. These rods are typically made of a material like zirconium alloy, which can withstand high temperatures and is relatively transparent to neutrons. Inside the rod, you’ll find pellets of fissile material, usually uranium-235 or plutonium-239, which undergo nuclear reactions to produce energy.

In a reactor, fuel rods are"
"1244";"Nuclear fusion and nuclear fission are two different nuclear reactions that release energy due to the interactions between atomic nuclei. Despite both being nuclear processes, they have distinct differences:

1. **Process:**
   - **Nuclear Fusion:** This process involves combining two light atomic nuclei into a heavier nucleus. Fusion is the process that powers stars, including our sun, where hydrogen nuclei combine to form helium.
"
"1234";"A half-life is a term commonly used in nuclear physics and chemistry to describe the time required for half of the atoms in a sample of a radioactive substance to decay into a different element or isotope. This concept is not limited to radioactive decay and is also used in various scientific fields to describe any process that follows exponential decay over time.

In the context of radioactive decay, during each successive half-life, half"
"0";"Artificial Intelligence (AI) refers to the simulation of human intelligence processes by machines, particularly computer systems. These processes include learning, reasoning, problem-solving, understanding natural language, perception, and the ability to manipulate and interact with the environment. AI systems are developed to perform tasks that typically require human intelligence and can be categorized into two main types:

1. **Narrow AI (Weak AI):** This"
"243";"The smallest species of snake is the Barbados threadsnake (Tetracheilostoma carlae). It is native to the Caribbean island of Barbados. Adult Barbados threadsnakes typically measure about 10 centimeters (approximately 4 inches) in length, making them the smallest known snakes in the world."
"1285";"Radioactive decay is the process by which an unstable atomic nucleus loses energy by emitting radiation. During this process, an unstable nucleus transitions to a more stable configuration, often resulting in the transformation of one chemical element into another. This emission can come in several forms:

1. **Alpha decay**: Involves the emission of an alpha particle, which consists of two protons and two neutrons,"
"1270";"Gamma radiation is a form of electromagnetic radiation that arises from the radioactive decay of atomic nuclei. It consists of photons, which are the basic units of light and other forms of electromagnetic radiation, and it possesses the highest energy levels and shortest wavelengths in the electromagnetic spectrum. Because of these properties, gamma rays are highly penetrative and can pass through most materials, including human tissue, which makes them both useful and"
"1278";"Nuclear medicine is a specialized area of medical imaging that uses small amounts of radioactive materials, known as radiopharmaceuticals or tracers, to diagnose and treat various diseases. These tracers are typically injected into the body, swallowed, or inhaled, and they accumulate in specific organs or tissues, allowing physicians to observe their function and structure.

The primary applications of nuclear medicine include:

1. **"
"1256";"A Geiger counter is a device used for detecting and measuring ionizing radiation. It primarily detects alpha particles, beta particles, and gamma rays. Named after Hans Geiger, one of the scientists who developed it in the early 20th century, the device consists of a Geiger-Müller tube filled with gas that becomes ionized when radiation passes through it. This ionization generates an electrical"
"459";"The largest species of owl is the Blakiston's fish owl (Bubo blakistoni). Found primarily in Russia, parts of China, and Japan, it is known for its impressive size. The Blakiston's fish owl can have a wingspan of up to 6 feet (approximately 183 centimeters) and can weigh up to 10 pounds (about 4.5 kilograms"
"1216";"A neutron is a subatomic particle found in the nucleus of an atom. It carries no electric charge, which is why it's termed ""neutral,"" and it has a mass slightly greater than that of a proton. Neutrons, along with protons, make up the atomic nucleus and account for most of an atom's mass.

Neutrons play a crucial role in the stability of the nucleus."
"373";"The largest species of spider by leg span is the Giant Huntsman Spider (*Heteropoda maxima*), which can have a leg span of up to 30 centimeters (12 inches). However, by body mass, the Goliath Birdeater (*Theraphosa blondi*) is considered the largest. This tarantula species is found in South America and can weigh over 170 grams"
"1211";"A dosimeter is a device used to measure an individual's exposure to ionizing radiation over a period of time. It is commonly used in environments where there is a risk of radiation exposure, such as in medical, nuclear, and industrial settings. Dosimeters can provide cumulative radiation exposure measurements to ensure that individuals do not exceed safety limits. 

There are various types of dosimeters, including:

1. **"
"1246";"A neutron is a subatomic particle that is one of the fundamental components of matter. It has no electric charge, which distinguishes it from the positively charged proton, and it has a similar mass to the proton, making it slightly more massive. Neutrons, along with protons, constitute the nuclei of atoms. While protons determine the element's identity and its chemical properties, neutrons contribute to"
"1209";"A radiation dose is a measure of the exposure to ionizing radiation, which can be absorbed by objects or living tissues. It is a critical concept in fields such as radiology, nuclear medicine, radiation therapy, and nuclear power, among others. The radiation dose helps to quantify the potential biological effects of radiation exposure on human health.

There are several units and measures used to describe different aspects of radiation dose"
"1293";"Nuclear waste, also known as radioactive waste, is the byproduct of nuclear reactors, nuclear research, nuclear weapon production, and nuclear medicine. It contains radioactive materials that remain hazardous to human health and the environment for thousands or even millions of years. The waste is categorized based on its radioactivity levels and the required safety measures for handling and disposal. The main categories include:

1. **Low-Level"
"13";"A chatbot is a computer program or artificial intelligence (AI) application designed to simulate human conversation through text or voice interactions. Chatbots are often used in customer service, marketing, and various online platforms to provide instant responses to user inquiries, automate repetitive tasks, or facilitate information retrieval. They can range from simple, rule-based systems that follow predefined scripts to sophisticated, machine learning-driven models capable of understanding and"
"245";"The box jellyfish is known for its ability to produce highly toxic venom. This sea creature, found primarily in the waters around Australia and the Indo-Pacific region, has venom potent enough to cause heart failure, paralysis, and even death in humans. Another highly venomous animal is the inland taipan, a snake native to Australia, which has the most toxic venom of any land snake. Both of these"
"1218";"Radiation therapy, also known as radiotherapy, is a medical treatment that uses high doses of radiation to kill cancer cells and shrink tumors. It is one of the most common treatments for cancer and can be used alone or in combination with other treatments such as surgery, chemotherapy, or immunotherapy.

The main goal of radiation therapy is to damage the DNA of cancer cells, preventing them from growing and dividing"
"1248";"A decay chain, also known as a radioactive decay series, is a sequence of decays that certain radioactive isotopes undergo as they transform into more stable isotopes or elements. This process begins with a radioisotope (parent isotope) and involves a series of intermediate decay products (daughter isotopes), which may themselves be radioactive, until a stable, non-radioactive isotope is formed. Each step in"
"1249";"Nuclear fusion is a process that holds significant potential for various applications, though its primary use is still in developmental and experimental stages. Here are some of the key uses and potential uses of nuclear fusion:

1. **Energy Production**: The most anticipated application of nuclear fusion is for electricity generation. Fusion has the potential to provide a nearly limitless and clean energy source, as it uses abundant fuels like isot"
"1295";"A nuclear reactor is a system used to initiate and control a sustained nuclear chain reaction. This process generates heat, which can be converted into electricity or used for other purposes. The core components of a nuclear reactor include:

1. **Fuel**: Typically composed of uranium or plutonium, the fuel undergoes fission, where atomic nuclei split and release energy.

2. **Moderator**: This material"
"6";"An Artificial Neural Network (ANN) is a computational model inspired by the way biological neural networks in the human brain process information. ANNs are designed to recognize patterns and classify data through a learning process. Here are the key components and characteristics of ANNs:

1. **Architecture**:
   - **Neurons**: The basic units of an ANN, analogous to biological neurons. Each neuron receives inputs"
"235";"The largest species of pinniped is the southern elephant seal (*Mirounga leonina*). Adult male southern elephant seals can reach lengths of 20 feet (about 6 meters) and weigh up to 8,800 pounds (around 4,000 kilograms). They are significantly larger than their female counterparts and other pinniped species."
"472";"The octopus is known for its exceptional ability to camouflage itself by changing both its color and texture to blend with its environment. Additionally, the cuttlefish and certain species of chameleons are also noted for their remarkable camouflage skills, but octopuses are particularly adept at this due to their complex skin, which contains specialized cells like chromatophores, iridophores, and leucophores"
"1280";"A Geiger counter, also known as a Geiger-Müller counter, is a device used to detect and measure ionizing radiation. It is commonly used to detect alpha, beta, and gamma radiation, which are types of radioactive decay emissions. The device is named after Hans Geiger, who invented the first version in the early 20th century, and Walther Müller, who later made"
"1269";"A beta particle is a type of subatomic particle that is emitted from the nucleus of an atom during a process known as beta decay, which is a form of radioactive decay. There are two types of beta particles:

1. **Beta-minus (β-) particle**: This is an electron that is emitted when a neutron in an unstable nucleus is transformed into a proton. During this transformation, a beta"
"1286";"Radiation sickness, also known as acute radiation syndrome (ARS), is a condition caused by a high dose of ionizing radiation over a short period. This exposure can lead to a range of health effects, both immediate and long-term, depending on the dose and duration of radiation exposure. Here are some key points about radiation sickness:

1. **Causes**: It results from exposure to large amounts"
"239";"The smallest species of bat is the bumblebee bat, also known as Kitti's hog-nosed bat (Craseonycteris thonglongyai). It is found in parts of Thailand and Myanmar. This tiny bat weighs around 2 grams (0.07 ounces) and has a wingspan of approximately 13 to 15 centimeters (5.1 to 5.9 inches),"
"380";"The chameleon is known for its ability to camouflage itself by changing its skin color and texture. This adaptation helps it blend into its surroundings, communicate, and regulate its body temperature."
"1277";"A nuclear reactor is a system used to initiate and control a sustained nuclear chain reaction. They are primarily used for generating electricity, propelling ships, and conducting research. The core component of a nuclear reactor is the reactor core, where the nuclear fission process takes place. In this process, heavy atomic nuclei such as uranium-235 or plutonium-239 are split into smaller nuclei when bombarded by"
"379";"The largest species of shark is the whale shark (*Rhincodon typus*). Whale sharks can grow up to lengths of around 40 feet (12 meters) or more, making them the largest fish in the ocean. Despite their size, whale sharks are known to be gentle giants and are filter feeders, primarily consuming plankton and small fish."
"1283";"A nuclear winter is a theoretical climate condition that is predicted to result from widespread firestorms following a large-scale nuclear war. The concept emerged during the Cold War and is based on the idea that the detonation of numerous nuclear weapons would ignite massive firestorms, producing large amounts of soot and smoke. This particulate matter could rise into the Earth's stratosphere, blocking sunlight and leading to significant global cooling.

"
"1273";"A neutron moderator is a material used in nuclear reactors to slow down fast neutrons, turning them into thermal neutrons, which have lower kinetic energy. This process is essential because thermal neutrons are more effective at sustaining a nuclear chain reaction than fast neutrons. In thermal reactors, the slowed-down neutrons increase the likelihood of causing further fission reactions when they collide with fissile material, such as"
"1237";"A nuclear reactor is a device used to initiate and control a sustained nuclear chain reaction. It is primarily employed for the generation of electricity or for research and medical purposes. The basic working principle of a nuclear reactor involves using nuclear fission, where the nucleus of an atom, usually uranium-235 or plutonium-239, is split into smaller parts by being struck by a neutron. This splitting releases a"
"1245";"A radioactive isotope, also known as a radioisotope or radionuclide, is an isotope of an element that exhibits radioactivity. This means that it has an unstable nucleus that loses energy by emitting radiation in the form of particles or electromagnetic waves. Over time, a radioactive isotope decays into a different element or a different isotope of the same element until it reaches a stable state.

Isotopes"
"1292";"A control rod is a critical component used in nuclear reactors to regulate the fission reaction. It is made from materials capable of absorbing neutrons, such as boron, cadmium, hafnium, or silver-indium-cadmium alloys. By adjusting the position of the control rods in the reactor core, operators can control the rate of the nuclear reaction: inserting the rods further into the core decreases"
"1281";"A radiopharmaceutical is a type of medicinal formulation that contains radioactive isotopes. It is used primarily in the field of nuclear medicine for diagnosis or therapy. In diagnostic applications, radiopharmaceuticals help visualize or analyze the function of specific tissues or organs in the body, typically using imaging techniques like positron emission tomography (PET) or single-photon emission computed tomography (SPECT). In therapeutic applications"
"1229";"A beta particle is a high-energy, high-speed electron or positron that is emitted during the radioactive decay of certain types of atomic nuclei. There are two types of beta decay: beta-minus (β-) and beta-plus (β+).

1. **Beta-minus (β-) decay**: In this process, a neutron in an unstable nucleus is transformed into a proton, and an electron (the"
"469";"The largest species of catfish is the Mekong giant catfish (*Pangasianodon gigas*). Native to the Mekong River basin in Southeast Asia, this species can grow to lengths of up to 3 meters (nearly 10 feet) and weigh as much as 350 kilograms (770 pounds), making it one of the largest freshwater fish in the world. However, it is"
"1287";"A neutron is a subatomic particle found in the nucleus of an atom, alongside protons. It is one of the fundamental constituents of matter. Neutrons have no electrical charge, which means they are electrically neutral, unlike protons which have a positive charge. The mass of a neutron is slightly greater than that of a proton, but for most practical purposes, they are considered to have similar mass"
"1257";"A nuclear reactor is a device used to initiate and control a sustained nuclear chain reaction. Nuclear reactors are the primary component of nuclear power plants and are used for electricity generation, research, and the production of isotopes for medical and industrial applications.

The core of a nuclear reactor contains fuel, typically uranium-235 or plutonium-239, which undergoes fission—a process where the nucleus of an atom"
"1266";"Nuclear fusion is a process in which two light atomic nuclei combine to form a heavier nucleus, releasing a significant amount of energy in the process. This is the same reaction that powers the sun and other stars, where hydrogen nuclei fuse to form helium under conditions of extremely high temperature and pressure.

The potential benefits of nuclear fusion as an energy source are considerable. It offers the possibility of producing vast amounts of"
"1284";"A breeder reactor is a type of nuclear reactor designed to generate more fissile material than it consumes. It achieves this by converting fertile material, such as uranium-238 or thorium-232, into fissile isotopes like plutonium-239 or uranium-233, respectively. The purpose of breeder reactors is to extend the fuel supply for nuclear power generation, as they make more efficient use of natural"
"1288";"Gamma rays are a form of electromagnetic radiation with the shortest wavelengths and, consequently, the highest energy in the electromagnetic spectrum. They typically have wavelengths less than 0.1 nanometers. Gamma rays are emitted in various processes, most commonly from the decay of atomic nuclei in nuclear reactions, such as those that occur in radioactive decay processes or during nuclear fusion in stars.

Because of their high energy, gamma"
"1291";"A fuel rod is a cylindrical tube that holds nuclear fuel used in a nuclear reactor. Typically, these rods contain pellets of enriched uranium dioxide or other fissile materials. The primary function of fuel rods is to sustain a controlled nuclear reaction that produces heat. This heat is then used to generate steam, which drives turbines to produce electricity.

Fuel rods are carefully designed and constructed to withstand the extreme conditions inside a"
"460";"The box jellyfish is known for its ability to produce venom that affects the cardiovascular system and causes severe pain. Specifically, the venom of some species of box jellyfish can cause heart failure, paralysis, and intense pain. These jellyfish are often considered among the most venomous creatures in the world."
"232";"The chameleon is known for its ability to change color to match its surroundings. This ability helps it with camouflage, communication, and temperature regulation."
"250";"The smallest species of crocodile is the dwarf crocodile, scientifically known as Osteolaemus tetraspis. It typically measures around 1.5 meters (about 5 feet) in length when fully grown, although some individuals can be slightly smaller or larger. This species is native to the freshwater habitats of West and Central Africa."
"1320";"A fuel rod is a cylindrical tube that contains nuclear fuel used in nuclear reactors to generate electricity. The fuel typically consists of enriched uranium or plutonium in the form of small pellets. These pellets are stacked inside the rod, which is usually made of a zirconium alloy or another material that can withstand high temperatures and radiation while allowing neutrons to pass through. In a nuclear reactor, multiple fuel rods are"
"9";"Unsupervised learning is a type of machine learning where the model is trained using data that does not have labeled outputs. Instead of having a clear target or outcome for each input, the algorithm tries to learn the patterns and structure inherent in the data. The primary goal of unsupervised learning is to identify hidden relationships within the data, such as groups or clusters.

Some common techniques and tasks associated with"
"240";"The animal known for its ability to regrow its tail is the lizard. Many lizard species, such as the green anole and the leopard gecko, have the capability to lose and subsequently regenerate their tails as a defense mechanism to escape predators."
"463";"The smallest species of penguin is the Little Blue Penguin, also known as the Fairy Penguin. These penguins typically grow to about 12 to 13 inches (30 to 33 cm) in height and weigh around 2.2 to 3.3 pounds (1 to 1.5 kg). They are native to the southern coastlines of Australia and New Zealand."
"1240";"A nuclear explosion is a release of energy that occurs when the nucleus of an atom is altered, usually through nuclear fission or fusion. This energy release is immense and comes in the form of a shockwave, intense heat, light, and radiation. Here's a brief explanation of the two primary types of nuclear reactions that can cause such an explosion:

1. **Nuclear Fission**: This is"
"5";"Computer Vision is a field of artificial intelligence (AI) and computer science that focuses on enabling computers to interpret and understand visual information from the world, much like the human visual system does. The primary goal of computer vision is to program computers to process and analyze visual data from the world in order to extract meaningful information and make decisions based on that data.

Key tasks and applications of computer vision include:

1"
"233";"The smallest species of owl is the Elf Owl (*Micrathene whitneyi*). It measures about 5 to 6 inches in length and has a wingspan of approximately 10.5 inches. Despite its small size, the Elf Owl is a skilled hunter and primarily feeds on insects and small vertebrates. It is found predominantly in the southwestern United States and Mexico."
"3";"Deep learning is a subfield of machine learning, which is itself a subset of artificial intelligence. It focuses on models inspired by the structure and functions of the human brain, known as artificial neural networks. Deep learning is characterized by its use of multiple layers in these neural networks, allowing it to recognize and learn intricate patterns and representations in large volumes of data.

Key attributes of deep learning include:

1."
"10";"Supervised learning is a type of machine learning where a model is trained on labeled data. In this approach, the training dataset includes both the input data and the corresponding correct outputs, often referred to as target labels. The goal of supervised learning is to infer a mapping from inputs to outputs that can be used to accurately predict the labels of new, unseen data.

In supervised learning, the process typically involves"
"226";"The Arctic Tern is renowned for its incredible migratory abilities. It undertakes one of the longest migrations of any animal, traveling from its breeding grounds in the Arctic to its wintering grounds in the Antarctic, covering a round-trip distance of about 70,000 kilometers (approximately 43,500 miles) each year. This remarkable journey enables the Arctic Tern to experience two summers a year and"
"467";"The smallest species of kangaroo is the musky rat-kangaroo (*Hypsiprymnodon moschatus*). It is significantly smaller than other kangaroo species, measuring about 23 to 34 centimeters (9 to 13 inches) in body length, with a tail length of about 20 to 30 centimeters (8 to 12 inches). It weighs around 500 to"
"236";"The monarch butterfly (Danaus plexippus) is renowned for having the longest migration of any butterfly species. Monarchs in North America migrate thousands of miles from their breeding grounds in the United States and Canada to their wintering sites in central Mexico. This journey can cover distances of up to 3,000 to 4,000 miles, and it often takes multiple generations of butterflies to complete the"
"384";"The skunk is well-known for its ability to emit a foul-smelling odor as a defense mechanism. When threatened, skunks can spray a pungent liquid from their anal glands, which serves to deter predators."
"1298";"Nuclear fission is a nuclear reaction in which the nucleus of an atom splits into two or more smaller, lighter nuclei, along with the release of a significant amount of energy. This process often produces free neutrons and photons (in the form of gamma rays), and the released neutrons can go on to induce fission in other nuclei, leading to a chain reaction.

Fission typically involves heavy"
"1306";"Nuclear fusion is a nuclear reaction in which two light atomic nuclei combine to form a heavier nucleus, releasing a significant amount of energy in the process. This reaction powers the sun and other stars, where hydrogen nuclei (protons) fuse to form helium, generating energy in the form of light and heat. 

Fusion differs from nuclear fission, where a heavy nucleus splits into lighter nuclei, releasing energy"
"1301";"A nuclear explosion is a violent release of energy resulting from a rapid nuclear reaction. There are two primary types of nuclear reactions that can cause such an explosion: nuclear fission and nuclear fusion.

1. **Nuclear Fission**: This process involves the splitting of the nucleus of an atom into smaller parts, typically accompanied by the release of neutrons and a significant amount of energy. Uranium-"
"377";"The smallest species of seahorse is the pygmy seahorse, specifically the species Hippocampus satomiae. It measures only about 13.8 mm (approximately 0.54 inches) in height and is found in the waters around Indonesia. Pygmy seahorses are known for their diminutive size and remarkable ability to camouflage themselves among coral and sea fans."
"473";"The largest species of snake is the reticulated python (*Malayopython reticulatus*). It can reach lengths of over 20 feet (6 meters), with some individuals reported to exceed 30 feet (9 meters). These snakes are native to Southeast Asia and are known for their intricate and beautiful scale patterns, which give them their name. In terms of weight, the green anaconda (*"
"227";"The smallest species of penguin is the Little Blue Penguin, also known as the Fairy Penguin or Blue Penguin. These penguins typically weigh around 1 kilogram (about 2.2 pounds) and stand about 30 to 33 centimeters (approximately 12 to 13 inches) tall. They are primarily found along the coastlines of southern Australia and New Zealand."
"249";"The sea turtle is well-known for its ability to swim against strong ocean currents. Species like the leatherback and loggerhead turtles are particularly adept at navigating through strong currents during their long migrations across the ocean. Their powerful flippers and streamlined bodies make them effective swimmers in challenging oceanic conditions."
"7";"Reinforcement Learning (RL) is a type of machine learning where an agent learns to make decisions by interacting with an environment to achieve a specific goal. The agent takes actions in the environment, and based on these actions, it receives feedback in the form of rewards or penalties. The objective of the agent is to learn a policy, which is a strategy for selecting actions, that maximizes the cumulative"
"244";"The animal most commonly known for its ability to regrow its limbs is the axolotl, a type of salamander. Axolotls have remarkable regenerative capabilities, allowing them to regenerate not only limbs but also other body parts such as their spinal cord, heart, and even parts of their brain. Another well-known example is the starfish, which can regenerate its arms."
"228";"The animal known for its ability to produce venomous stings is the jellyfish. Jellyfish have specialized cells called cnidocytes, which contain nematocysts that can deliver venomous stings to capture prey or serve as a defense mechanism. Other animals known for venomous stings include certain species of wasps, bees, and scorpions."
"465";"The largest species of ray is the giant oceanic manta ray (Mobula birostris). This species can reach a wingspan of up to 7 meters (23 feet) and weigh as much as 3,000 kilograms (about 6,600 pounds). These gentle giants are found in tropical and subtropical waters around the world and are known for their graceful swimming and impressive acrobatics"
"252";"The largest species of cat is the Siberian tiger, also known as the Amur tiger (Panthera tigris altaica). Males can weigh up to 600 pounds (about 272 kilograms) and measure up to 10 feet (about 3 meters) in length, including the tail. This makes them the largest cats in the world."
"1294";"A half-life is the time required for a quantity to reduce to half of its initial value. The concept is commonly used in various fields, particularly in physics and chemistry, to describe the decay of radioactive isotopes. During each half-life period, half of the radioactive atoms in a sample decay into atoms of another element or state, continuing this process over successive half-lives until the material is no longer"
"18";"AI has a wide range of applications across various fields, transforming industries and creating new opportunities. Here are some notable applications:

1. **Healthcare**: AI is used for diagnostic purposes, personalized medicine, robotic surgery, and predictive analytics for patient outcomes. It helps in analyzing medical images and managing health records.

2. **Finance**: AI algorithms are leveraged for fraud detection, algorithmic trading, credit"
"474";"The smallest species of shark is the dwarf lanternshark (*Etmopterus perryi*). It is found in deep waters off the northern coast of South America. Adult dwarf lanternsharks typically measure around 6 to 8 inches (15 to 20 centimeters) in length."
"1308";"Nuclear fusion and nuclear fission are two different nuclear reactions that release energy, but they do so in fundamentally different ways:

1. **Nuclear Fusion**:
   - **Process**: Nuclear fusion is the process where two light atomic nuclei combine to form a heavier nucleus. During this process, a significant amount of energy is released.
   - **Examples**: The fusion of hydrogen isotopes"
"15";"Artificial Intelligence (AI) and machine learning (ML) are related but distinct concepts within the field of computer science.

1. **Artificial Intelligence (AI):**
   - AI is a broad area of computer science focused on building smart machines that can perform tasks that typically require human intelligence. These tasks include reasoning, learning, problem-solving, perception, language understanding, and more.
   - AI can be"
"468";"The animal known for its remarkable ability to camouflage itself by imitating the appearance of its surroundings, such as coral or rocks, is the octopus. Specifically, the mimic octopus and various types of cuttlefish and squids are highly adept at changing their colors, patterns, and even textures to blend in with their environment, making them masters of disguise in the marine world."
"1221";"The term ""critical mass"" has different meanings depending on the context in which it is used:

1. **Nuclear Physics**: In nuclear physics, critical mass refers to the minimum amount of fissile material needed to maintain a self-sustaining nuclear chain reaction. This is the smallest amount of material needed for a nuclear reactor or a nuclear explosive to function effectively. If the mass of the material"
"1239";"A breeder reactor is a type of nuclear reactor designed to generate more fissile material than it consumes. This is achieved through a process known as breeding, where the reactor produces a larger quantity of new fuel, typically plutonium-239 or uranium-233, from fertile isotopes like uranium-238 or thorium-232. 

The primary purpose of breeder reactors is to extend the fuel supply for nuclear"
"238";"The animal most commonly known for its ability to produce bioluminescent light is the jellyfish, specifically the species known as Aequorea victoria. This jellyfish, found off the west coast of North America, produces a protein called green fluorescent protein (GFP), which emits a green glow. Other bioluminescent animals include fireflies, certain species of squid, and some deep"
"231";"The largest species of ray is the giant oceanic manta ray (Mobula birostris), also known as the giant manta ray. These majestic creatures can reach a wingspan of up to 29 feet (8.8 meters) and weigh as much as 2,400 pounds (about 1,100 kilograms). Giant manta rays are found in tropical and subtropical waters around the world and"
"2";"Machine learning is a subset of artificial intelligence that focuses on developing algorithms and statistical models that enable computers to perform tasks without explicit instructions by relying on patterns and inference. It involves training models on large datasets to recognize patterns, learn from data, and make predictions or decisions. These models can improve their performance over time as they are exposed to more data.

There are several types of machine learning, including:

1"
"241";"The largest species of scorpion is the Giant Forest Scorpion, scientifically known as *Heterometrus swammerdami*. It can reach lengths of up to 9 inches (approximately 23 centimeters), making it the largest scorpion species by length. They are found in the forests of India and Sri Lanka. Despite their size, they have relatively mild venom compared to some other scorpion species"
"1261";"A decay product, also known as a daughter product or daughter isotope, is the nuclide or element that results from the radioactive decay of a parent nuclide. In the process of radioactive decay, an unstable atomic nucleus loses energy by emitting radiation, leading to the formation of a different nuclide. This new nuclide can be stable or possibly unstable, potentially undergoing further decay until a"
"376";"The animal known for its ability to mimic the appearance and behavior of other species is the mimic octopus (Thaumoctopus mimicus). This remarkable creature can imitate the shapes, colors, and movements of various marine animals, such as lionfish, flatfish, and sea snakes, as a form of defense against predators."
"1324";"A hard drive, also known as a hard disk drive (HDD), is a data storage device used in computers and other electronic devices to store and retrieve digital information. It consists of one or more spinning disks (or platters) coated with a magnetic material, and data is read from and written to the disks by an actuator arm with a read/write head. 

Hard drives are used to store"
"382";"The animal known for its ability to produce highly toxic venom that affects the cardiovascular system is the box jellyfish. This marine creature's venom can be extremely dangerous, causing severe pain, heart failure, and even death in humans. The venom contains toxins that specifically target the heart, nerves, and skin cells."
"242";"The animal known for the longest migration by a land bird is the Arctic Tern. However, while the Arctic Tern is not a land bird, it does have the longest migration of any bird species overall. If you are specifically interested in land birds, the Bar-tailed Godwit, a type of wader, holds the record for the longest non-stop flight by a land bird, covering distances"
"234";"The animal most famously known for its ability to use tools to obtain food is the chimpanzee. Chimpanzees have been observed using sticks to extract termites from mounds and stones to crack open nuts. Other animals known for their tool-using abilities include crows, particularly New Caledonian crows, which use twigs to retrieve insects, and sea otters, which use rocks to"
"1296";"A positron, also known as an antielectron, is the antimatter counterpart of an electron. It has the same mass as an electron but carries a positive electric charge, as opposed to the negative charge of an electron. When a positron encounters an electron, they can annihilate each other, resulting in the production of gamma-ray photons. Positrons are commonly used in medical imaging techniques"
"374";"The animal known for its ability to regrow its limbs is the axolotl. Axolotls are a type of salamander native to Mexico, and they have remarkable regenerative abilities, allowing them to regrow not only limbs but also other body parts such as their spinal cord, heart, and even parts of their brain."
"1307";"A decay chain, also known as a radioactive decay series, is a sequence of radioactive decays that occur in a sequential manner, where the decay of one radioactive isotope (parent nuclide) results in the formation of another radioactive isotope (daughter nuclide), which subsequently decays into another nuclide, and so forth, until a stable, non-radioactive isotope is reached. Each step"
"11";"Artificial General Intelligence (AGI) refers to a form of artificial intelligence that possesses the ability to understand, learn, and apply knowledge across a wide range of tasks at a level that is on par with or surpasses that of human beings. Unlike narrow AI, which is designed for specific tasks or problem domains (such as language translation, facial recognition, or playing chess), AGI is characterized by its"
"247";"The octopus is well-known for its ability to camouflage by changing not only its color but also its body shape. Some species of octopus, like the mimic octopus, are particularly adept at altering their appearance to resemble other animals or surroundings as a form of protection against predators."
"470";"The animal known for its ability to produce venom that affects the nervous system and can cause respiratory paralysis is the cone snail. Cone snails are marine gastropod mollusks that use a specialized harpoon-like tooth to deliver venom to their prey. This venom contains a complex mixture of neurotoxins that can be very potent, and in some cases, lethal to humans."
"8";"An artificial neural network (ANN) is a computing system that is inspired by the way biological neural networks in the human brain process information. It is a key component of machine learning, a subfield of artificial intelligence, and consists of a series of algorithms that attempt to recognize patterns and interpret data in a way that mimics human brain functions.

### Key Components of an Artificial Neural Network:

1. **"
"237";"The fastest land invertebrate is the Australian tiger beetle (Cicindela hudsoni). This beetle is known for its incredible speed, capable of running at about 2.5 meters per second (about 5.6 miles per hour). Its speed is so remarkable relative to its size that if it were scaled up to the size of a human, it would be comparable to"
"4";"Natural Language Processing (NLP) is a subfield of artificial intelligence (AI) and computational linguistics that focuses on the interaction between computers and humans through natural language. The goal of NLP is to enable computers to understand, interpret, and generate human language in a way that is both meaningful and useful. This involves a range of tasks and techniques, including:

1. **Tokenization**: Breaking"
"1318";"A daughter isotope is the product that results from the radioactive decay of a parent isotope. In the process of radioactive decay, an unstable atomic nucleus loses energy by emitting radiation, thus transforming into a different element or a different isotope of the same element. This transformation alters the structure of the nucleus, either by changing the number of protons or neutrons or both, resulting in the formation of a new isotope"
"246";"The smallest species of crocodile is the Dwarf Crocodile (Osteolaemus tetraspis). Adult Dwarf Crocodiles typically reach lengths of about 1.5 to 1.9 meters (4.9 to 6.2 feet), making them the smallest of all living crocodile species. They are found primarily in the freshwater environments of West and Central Africa."
"251";"The mimic octopus is known for its ability to camouflage by changing its body shape. It can imitate the appearance and behavior of other sea creatures, like lionfish, flatfish, and sea snakes, to avoid predators and communicate with other species. This remarkable adaptability makes the mimic octopus a master of disguise in its underwater environment."
"1321";"The motherboard serves as the main printed circuit board (PCB) in a computer or other electronic device, acting as a central hub that connects all of the computer’s components. Its primary functions include:

1. **Component Connectivity**: The motherboard houses and connects essential components like the CPU (Central Processing Unit), memory (RAM), storage devices (such as SSDs and HDDs), graphics card, and"
"383";"The largest species of penguin is the Emperor Penguin (*Aptenodytes forsteri*). Adult Emperor Penguins can reach heights of up to 45 inches (115 cm) and can weigh anywhere from 49 to 99 pounds (22 to 45 kg). They are known for their distinctive black and white coloration and the vibrant orange and yellow markings on their necks."
"1228";"A positron is the antiparticle or the antimatter counterpart of the electron. It has the same mass as an electron but carries a positive charge, opposite to the negative charge of an electron. Positrons are denoted by the symbol \( e^+ \). When a positron encounters an electron, they can annihilate each other, resulting in the production of gamma-ray photons. Positr"
"1299";"A radioisotope, also known as a radioactive isotope, is an atom that has an unstable nucleus and exhibits radioactive decay. This decay results from the imbalance between the number of protons and neutrons in the nucleus, causing it to emit radiation in the form of alpha, beta, or gamma rays as it transforms into a more stable state. Radioisotopes can occur naturally, such as carbon"
"1225";"The primary difference between nuclear fusion and nuclear fission lies in their processes and the way they release energy:

1. **Nuclear Fusion**:
   - **Process**: Fusion is the process where two light atomic nuclei combine to form a heavier nucleus. This is the same process that powers the sun and other stars.
   - **Energy Release**: Fusion releases a large amount of energy, which"
"248";"The largest species of cat is the Siberian tiger, also known as the Amur tiger. Male Siberian tigers can weigh up to 700 pounds (about 318 kilograms) and measure over 10 feet (around 3 meters) in length, including their tail. They are native to the forests of eastern Russia and parts of China and are renowned for their strength and majestic appearance."
"1322";"A GPU, or Graphics Processing Unit, is a specialized electronic circuit designed to accelerate the processing of images and videos, creating and rendering graphics. GPUs are widely used in computer gaming, professional graphic design, and video editing applications due to their ability to handle parallel processing efficiently. This allows them to manage complex mathematical and geometric calculations required for rendering images, thus freeing up the CPU (Central Processing Unit) to"
"1";"The two main categories of Artificial Intelligence (AI) are Narrow AI and General AI.

1. **Narrow AI (Weak AI):** This category refers to AI systems that are designed and trained for a specific task or a narrow range of tasks. These systems are highly specialized and can outperform humans at their specific tasks but lack the ability to perform tasks outside of their designed scope. Examples of narrow AI"
"1297";"A beta particle is a high-energy, high-speed electron or positron that is emitted during the radioactive decay of an unstable atomic nucleus in a process known as beta decay. There are two types of beta decay:

1. **Beta-minus (β-) decay**: This occurs when a neutron in the nucleus of an atom is transformed into a proton, an electron (beta particle), and an antine"
"1305";"Gamma rays are a form of electromagnetic radiation with the shortest wavelengths and highest energies compared to other forms of electromagnetic waves, such as radio waves, microwaves, infrared, visible light, ultraviolet, and X-rays. They have a wavelength typically less than 10 picometers (one trillionth of a meter) and energies greater than about 100 keV (kiloelectronvolts).

Gamma rays are"
"378";"The blue-ringed octopus is known for its ability to produce venom that can cause paralysis. Its venom contains tetrodotoxin, a potent neurotoxin that can lead to paralysis and, in severe cases, be fatal to humans if untreated. Despite its small size, the blue-ringed octopus is considered one of the most venomous marine animals."
"1290";"A nuclear chain reaction is a series of nuclear fissions (splits of atomic nuclei), each initiated by neutrons produced in a preceding fission. In a nuclear chain reaction, when a heavy nucleus such as uranium-235 or plutonium-239 absorbs a neutron, it becomes unstable and splits into two lighter nuclei, releasing energy and additional neutrons. These additional neutrons can, in turn,"
"381";"The smallest species of crocodile is the dwarf crocodile (Osteolaemus tetraspis). Adult dwarf crocodiles typically grow to about 1.5 to 1.9 meters (4.9 to 6.2 feet) in length. They are native to the forests and swamps of West and Central Africa and are known for their relatively small size compared to other crocodile species"
"1304";"A neutron is a subatomic particle found in the nucleus of an atom. It is one of the two types of nucleons, the other being the proton. Neutrons are electrically neutral, meaning they have no net electric charge, which distinguishes them from protons that have a positive charge. They have a mass slightly greater than that of protons.

The presence of neutrons in the nucleus of"
"464";"The chameleon is known for its ability to camouflage itself by changing its skin color to match its environment. This remarkable ability helps it to avoid predators and communicate with other chameleons."
"253";"The sea turtle is well known for its ability to swim against strong ocean currents. These reptiles are strong swimmers, with powerful flippers that allow them to navigate through challenging conditions in the ocean. They are capable of long migrations across oceans, often traveling thousands of miles between feeding and nesting sites."
"1302";"""Critical mass"" is a term used in various contexts to describe the minimum size or amount of something required to achieve a particular effect or result. Its meaning can vary depending on the field of use:

1. **Physics/Nuclear Science**: In nuclear physics, critical mass refers to the smallest amount of fissile material needed for a sustained nuclear chain reaction. This concept is crucial in the operation of"
"1331";"A computer virus is a type of malicious software program that, when executed, replicates by inserting copies of itself into other computer programs, data files, or the boot sector of the hard drive. When this replication succeeds, the affected areas are then said to be ""infected."" Viruses can disrupt the normal functioning of a computer by corrupting files, stealing data, using system resources, or causing"
"1303";"Radioactivity is the process by which unstable atomic nuclei lose energy by emitting radiation. This phenomenon occurs when the nuclei of certain atoms, known as radioactive isotopes or radionuclides, undergo spontaneous decay. During this decay, they emit particles or electromagnetic waves, or both, to transition into a more stable state.

There are three primary types of radioactive decay:

1. **Alpha Decay:** During alpha"
"466";"The animal known for its ability to produce venom that affects the nervous system and causes paralysis is the black widow spider. Its venom contains neurotoxins that can lead to severe muscle pain, cramps, and paralysis in severe cases."
"480";"The largest species of whale is the blue whale. Blue whales can grow up to 100 feet (about 30 meters) in length and can weigh as much as 200 tons. They are the largest animals ever known to have existed on Earth."
"1312";"Nuclear waste is the byproduct of nuclear reactions, typically produced in nuclear power plants, medical facilities, and research institutions. It is radioactive material that remains after the fuel has been used to generate energy or in other processes involving radiation. There are several types of nuclear waste:

1. **Low-Level Waste (LLW):** This includes items like clothing, tools, and filters that have been contaminated"
"1319";"A nuclear cross section is a measure of the probability that a particular nuclear reaction will occur. It is typically expressed in units called ""barns"" (1 barn = \(10^{-28}\) square meters). The concept of a cross section is analogous to imagining a target around a nucleus that an incoming particle must hit to induce a reaction. In essence, it quantifies the effective area that a nucleus"
"1243";"A nuclear chain reaction is a series of nuclear fissions (splits of atomic nuclei), each initiated by neutrons produced in a preceding fission. This process can result in a self-sustaining sequence of reactions. 

The most common example of a nuclear chain reaction occurs in fissile materials like uranium-235 or plutonium-239. When a nucleus of one of these elements absorbs a neutron"
"1326";"A virus is a small infectious agent that can only replicate inside the living cells of an organism. Viruses can infect all types of life forms, from animals and plants to microorganisms, including bacteria and archaea. They are made up of genetic material, either DNA or RNA, surrounded by a protective protein coat called a capsid; some viruses also have an outer lipid envelope.

Viruses are incapable of"
"385";"The smallest species of dolphin is the Maui's dolphin, a subspecies of Hector's dolphin. These dolphins are native to the coastal waters of New Zealand and are known for their small size, with adults typically measuring around 1.2 to 1.6 meters (3.9 to 5.2 feet) in length and weighing between 40 to 60 kilograms (88 to 132"
"20";"Artificial intelligence (AI) is often categorized into three types based on its capabilities and level of sophistication. These types are:

1. **Artificial Narrow Intelligence (ANI):** Also known as Weak AI, ANI is designed to perform a narrow task or a specific set of tasks. It operates under a limited set of constraints and does not possess generalized cognitive abilities. Examples include virtual assistants like Siri and Alexa,"
"1335";"A web browser is a software application used to access and view websites on the internet. It retrieves information from a web server and displays the content on your device, typically in the form of web pages that include text, images, videos, and other multimedia elements. Web browsers also allow users to navigate between pages using hyperlinks. 

Common web browsers include Google Chrome, Mozilla Firefox, Safari, Microsoft Edge,"
"1325";"Software is a set of instructions, data, or programs used to operate computers and execute specific tasks. It is the non-tangible component of computers, as opposed to hardware, which is the physical aspect. Software can be broadly categorized into several types:

1. **System Software:** This includes operating systems (like Windows, macOS, Linux) and system utilities that manage computer resources at a low level"
"16";"Supervised and unsupervised learning are two fundamental types of machine learning, each serving different purposes and involving different methodologies. Here are the primary differences between them:

1. **Labeled vs. Unlabeled Data**:
   - **Supervised Learning**: Involves training a model on a labeled dataset, where each training instance is paired with an output label. The model learns to map"
"1315";"Transmutation is the process of changing one element or isotope into another. This concept is primarily associated with nuclear reactions where the number of protons in a nucleus, and consequently the element itself, is changed. Transmutation can occur naturally, such as in radioactive decay, where unstable isotopes transform into more stable ones, often across different elements. It can also be induced artificially through nuclear reactions, such as"
"1314";"A half-life is the time required for half of any substance to undergo a process, typically used in the context of radioactive decay or certain chemical reactions. In the case of radioactive isotopes, the half-life is the time it takes for half of the atoms in a sample to decay into a different element or isotope. This concept is crucial in fields like nuclear physics, archaeology (for carbon dating), and"
"471";"The smallest species of owl is the Elf Owl (Micrathene whitneyi). It typically measures about 5 to 6 inches (approximately 12 to 15 centimeters) in length and weighs around 1.4 ounces (approximately 40 grams). The Elf Owl is primarily found in the Southwestern United States, Mexico, and Baja California, often inhabiting desert regions and areas with s"
"1309";"A nuclear isomer is an excited state of an atomic nucleus, where the nucleons (protons and neutrons) are arranged in a higher energy configuration than the ground state. These excited states are metastable, meaning they have higher energy levels that are relatively long-lived compared to other excited states, often existing for milliseconds to years before decaying to the ground state. Nuclear isomers are of particular"
"1329";"A LAN, or Local Area Network, is a network that connects computers and devices within a limited geographical area, such as a home, office, or campus. LANs are used to facilitate communication and resource sharing, such as files, printers, and internet connections, among multiple devices. They typically use Ethernet cables or Wi-Fi for connectivity and operate at relatively high speeds with low latency.

LANs are"
"387";"The largest species of bear is the Kodiak bear (Ursus arctos middendorffi), which is a subspecies of the brown bear. Kodiak bears are native to the Kodiak Archipelago in Alaska and can weigh up to 1,500 pounds (about 680 kilograms) for males, although some individuals can be larger. Polar bears (Ursus maritimus)"
"1313";"Radiochemistry is a branch of chemistry that focuses on the study of radioactive substances and their properties, reactions, and applications. It involves the use and manipulation of radioisotopes, which are isotopes of elements that emit radiation due to the instability of their nuclei.

The field encompasses a variety of scientific activities, including:

1. **Radioactive Decay:** Understanding the processes by which unstable atoms lose"
"1300";"A Geiger counter is a device used to detect and measure ionizing radiation. It is named after Hans Geiger, who, along with Walther Müller, developed the Geiger-Müller tube, which is the key component of the device. The Geiger-Müller tube is filled with an inert gas that becomes conductive of electricity when it is impacted by a high-energy particle or photon."
"389";"The smallest species of turtle is the speckled padloper tortoise, also known as the South African speckled tortoise (Chersobius signatus). This tiny turtle is native to South Africa and typically measures about 6 to 8 centimeters (approximately 2.4 to 3.1 inches) in length when fully grown. It is adapted to live in a very"
"19";"Reinforcement learning (RL) is a type of machine learning where an agent learns how to make decisions by interacting with an environment. It is based on the idea of agents taking actions in an environment to maximize some notion of cumulative reward. Here's a brief breakdown of its core components:

1. **Agent**: The decision maker that interacts with the environment.
   
2. **Environment**: Everything"
"230";"The basilisk lizard, also known as the ""Jesus Christ lizard,"" is known for its ability to run on water. This lizard, native to Central and South America, uses its speed and specialized elongated toes to create a surface tension effect, allowing it to dash across the surface of water for short distances."
"1328";"A firewall is a network security device or software that monitors and controls incoming and outgoing network traffic based on predetermined security rules. Its primary purpose is to establish a barrier between a trusted internal network and untrusted external networks, such as the internet, to prevent unauthorized access and protect data and resources from threats like hackers, viruses, and malware.

There are various types of firewalls, including:

1. **"
"21";"Transfer learning is a machine learning technique where a model developed for a particular task is reused as the starting point for a model on a second task. It leverages knowledge gained while solving a specific problem and applies it to a different but related problem. This approach can be particularly useful when there is limited data available for the second task because it allows the model to benefit from the patterns learned in a different context"
"2037";"The author of ""1984"" is George Orwell."
"229";"The largest species of eagle is the Steller's Sea Eagle (Haliaeetus pelagicus). It is native to coastal areas of northeastern Asia and is known for its impressive size, with a wingspan that can exceed 2.5 meters (8.2 feet) and a weight that can reach up to 9 kilograms (approximately 20 pounds). The Harpy Eagle and the Philippine"
"256";"The largest species of squid is the colossal squid (*Mesonychoteuthis hamiltoni*). This species is believed to grow longer and heavier than the more well-known giant squid (*Architeuthis dux*). The colossal squid is estimated to reach lengths of up to 14 meters (about 46 feet) and weigh around 500 kilograms (1,100 pounds). It has a"
"1330";"A WAN, or Wide Area Network, is a type of network that extends over a large geographical area, such as a city, country, or even across continents. WANs are used to connect smaller networks, such as local area networks (LANs) or metropolitan area networks (MANs), allowing them to communicate and share resources over long distances. They are typically used by businesses, educational institutions,"
"461";"The largest species of eagle is generally considered to be the Steller's Sea Eagle (Haliaeetus pelagicus). It is one of the heaviest eagles, with some individuals weighing between 14 to 20 pounds (6.5 to 9 kilograms), and it has a wingspan that can exceed 8 feet (approximately 2.5 meters). Another eagle that rivals it"
"1327";"Cloud computing is the delivery of computing services over the internet, allowing users to access and use resources such as servers, storage, databases, networking, software, and analytics without needing to own or manage the underlying infrastructure. These services are typically provided by cloud service providers and are available on-demand, often following a pay-as-you-go pricing model.

Cloud computing offers several benefits, including:

1. **Cost"
"388";"The animal most well-known for its ability to generate electricity is the electric eel. Native to the Amazon and Orinoco River basins in South America, the electric eel can produce powerful electric shocks of up to 600 volts for hunting and self-defense. Despite its name, the electric eel is not a true eel but rather a type of knifefish. Other notable animals with similar abilities include"
"1317";"""Critical mass"" is a term that can be applied in various contexts, with its definition varying slightly depending on the field:

1. **Physics**: In nuclear physics, critical mass refers to the minimum amount of fissile material needed to maintain a sustained nuclear chain reaction. This concept is fundamental in the design of nuclear reactors and atomic bombs. If the mass of the material is less than the critical"
"1238";"The term ""critical mass"" originates from physics and refers to the minimum amount of fissile material needed to maintain a nuclear chain reaction. In the context of nuclear physics, if the mass of the material is below this threshold, the reaction will fizzle out. If the mass is at or above this threshold, it can sustain a chain reaction and potentially lead to an explosion, as in a nuclear weapon"
"477";"The chameleon is renowned for its ability to change its skin color and pattern to match its surroundings, aiding in camouflage. This adaptation helps it avoid predators and communicate with other chameleons."
"479";"The animal known for its ability to produce venom that affects the blood and causes tissue damage is the snake, particularly certain species like the pit vipers, which include rattlesnakes and copperheads. Their venom contains hemotoxins, which can disrupt blood clotting and cause tissue damage."
"254";"The smallest species of whale is the dwarf sperm whale (*Kogia sima*). Adult dwarf sperm whales typically measure about 2.7 to 3.4 meters (approximately 8.9 to 11.2 feet) in length and weigh around 272 to 600 kilograms (approximately 600 to 1,300 pounds). They are relatively elusive and are often mistaken for dolphins due"
"476";"The largest species of turtle is the leatherback sea turtle (*Dermochelys coriacea*). Leatherbacks can grow up to 7 feet (about 2.1 meters) in length and weigh as much as 2,000 pounds (approximately 900 kilograms). They are known for their distinct lack of a hard shell and instead have a leathery, flexible carapace."
"390";"The hummingbird is known for its ability to fly backward. This is due to its unique wing structure and rapid wing beats, which allow it to hover, fly forward, backward, and even upside-down."
"12";"Explainable AI (XAI) refers to a set of processes and methods that make the output of artificial intelligence (AI) systems more comprehensible to human users. As AI systems, particularly those involving complex models like deep learning neural networks, are often seen as ""black boxes"" due to their opaque decision-making processes, XAI aims to clarify how these systems reach specific conclusions or predictions.

Key objectives"
"24";"A neural network is a computational model inspired by the way biological neural networks in the human brain process information. It is designed to recognize patterns, classify data, and make predictions by simulating the interconnected neurons found in biological systems.

Neural networks consist of layers of nodes, or ""neurons."" Each neuron in a layer is connected to neurons in the subsequent layer, allowing information to flow from the input"
"14";"A recommendation system, also known as a recommender system, is a type of software tool and technique that provides suggestions for items or content to users. These systems analyze data to predict what a user might be interested in, and then make personalized recommendations based on that analysis. They are widely used across various industries, particularly in online shopping, streaming services, social media, and other digital platforms, to enhance"
"1316";"A nuclear reactor is a device used to initiate and control a sustained nuclear chain reaction. Reactors are primarily used for two purposes: to generate electricity and to propel ships, such as submarines and aircraft carriers. 

At the core of a nuclear reactor is the nuclear fuel, typically uranium-235 or plutonium-239, which undergoes nuclear fission. During fission, the nucleus of an"
"1342";"An output device is any piece of computer hardware used to communicate the results of data processing carried out by an information processing system (such as a computer) to the outside world. Output devices convert the electronic information processed by the computer into a human-readable form or into another usable form. Common examples of output devices include:

1. **Monitor**: Displays visual output from the computer, allowing users to interact"
"2050";"The lead actor in the movie ""Forrest Gump"" is Tom Hanks."
"255";"The chameleon is well-known for its ability to camouflage by changing its skin color and pattern. This remarkable ability helps it blend into its surroundings, communicate with other chameleons, and regulate its body temperature."
"23";"Overfitting is a phenomenon in machine learning and statistics where a model learns the training data too well, including its noise and random fluctuations, rather than just the underlying patterns. As a result, the model performs exceptionally well on the training data but poorly on unseen or test data. This occurs because the model is too complex, capturing detailed, specific patterns that do not generalize to new data.

Key"
"1348";"A server is a computer system or software application that provides services, resources, or data to other computers, known as clients, over a network. Servers are designed to manage, store, send, and process data 24/7 and can handle multiple client requests simultaneously. Here are some common types of servers:

1. **Web Server**: Hosts websites and delivers web pages to clients over the internet"
"391";"The smallest species of deer is the Northern Pudu (Pudu mephistophiles). This tiny deer is native to the Andes Mountains in South America, particularly in Colombia, Ecuador, and Peru. Adult Northern Pudus typically weigh between 3.3 to 6 kilograms (7.3 to 13.2 pounds) and stand about 32 to 35 centimeters (12.5"
"791";"Yes, dinosaurs likely had some forms of vocalizations, although the exact nature and range of these sounds are still subjects of scientific research and debate. Evidence for dinosaur vocalizations comes primarily from studies of related modern animals, like birds and reptiles, as well as from fossilized structures that suggest the presence of vocal organs.

For example, the discovery of a fossilized syrinx—a vocal organ found in birds"
"257";"The gecko is well-known for its ability to cling to surfaces upside down. Geckos have specialized toe pads that allow them to adhere to a variety of surfaces, including smooth ones like glass. This ability is due to the microscopic setae (hair-like structures) on their feet, which create van der Waals forces, allowing them to stick to surfaces without the use of liquids or surface tension"
"395";"The smallest species of penguin is the Little Penguin, also known as the Fairy Penguin or Blue Penguin. They stand about 30 to 33 centimeters (approximately 12 to 13 inches) tall and weigh around 1 to 1.5 kilograms (about 2.2 to 3.3 pounds). These penguins are native to the coastlines of southern Australia and New Zealand."
"475";"The animal known for its ability to produce venom that affects the nervous system and can cause paralysis and death is the box jellyfish. These jellyfish are highly venomous, and their venom can trigger severe pain, cardiac arrest, and even death in humans if not treated promptly. Another example is the king cobra, whose venom also targets the nervous system, causing paralysis and potentially leading to death if left untreated"
"25";"Underfitting in machine learning occurs when a model is too simple to capture the underlying patterns in the data. This typically results in poor performance both on the training set and unseen data (the test set). Underfitting can happen for several reasons, such as:

1. **Model Complexity**: The model lacks the complexity needed to learn from the data adequately. For instance, using a linear model"
"393";"The largest species of squid is the colossal squid (*Mesonychoteuthis hamiltoni*). It is believed to grow up to about 12 to 14 meters (39 to 46 feet) in length, although exact measurements can be difficult to obtain due to the nature of their deep-sea habitat. The colossal squid is heavier and bulkier than the giant squid (*Architeuthis"
"26";"The Turing Test, proposed by the British mathematician and computer scientist Alan Turing in his 1950 paper ""Computing Machinery and Intelligence,"" is a method for evaluating a machine's ability to exhibit intelligent behavior equivalent to, or indistinguishable from, that of a human. The test involves a human evaluator who interacts with both a machine and a human through a text-based interface. The evaluator"
"478";"The smallest species of owl is the Elf Owl (Micrathene whitneyi). It typically measures about 5 to 6 inches (13 to 15 centimeters) in length and weighs around 1.4 ounces (40 grams). Despite its small size, the Elf Owl is known for its agility and ability to thrive in desert environments, particularly in the southwestern United States and Mexico."
"2072";"The author of ""Pride and Prejudice"" is Jane Austen."
"258";"The smallest species of bird is the Bee Hummingbird (*Mellisuga helenae*), which is native to Cuba and the Isla de la Juventud. Adult males measure about 5-6 cm (approximately 2-2.4 inches) in length and weigh around 1.6-2 grams. This tiny bird is known for its brilliant iridescent plumage and rapid"
"1343";"A byte is a unit of digital information that typically consists of eight bits. It is the basic addressable element in many computer architectures and is commonly used to represent a single character of text in a computer system. The byte is a standard unit of data measurement and serves as the basis for larger data units such as kilobytes (KB), megabytes (MB), gigabytes (GB), and ter"
"222";"The gecko is well-known for its ability to cling to surfaces, including upside down. This capability is due to the specialized structures on its toe pads, which are covered with tiny hair-like structures called setae. These setae exploit van der Waals forces to create an adhesive effect that allows geckos to stick to various surfaces."
"22";"Artificial Intelligence (AI) and Machine Learning (ML) are closely related fields, but they refer to different concepts within the realm of computer science and data processing.

1. **Artificial Intelligence (AI):**
   - **Definition:** AI is the broader concept of creating machines or systems that can perform tasks that typically require human intelligence. These tasks include reasoning, problem-solving, understanding language, perception, and"
"1336";"A search engine is a software system designed to carry out web searches, allowing users to find information on the internet. It works by crawling and indexing content from websites and then retrieving this information based on user queries. The results are typically displayed as a list of links to web pages, images, videos, or other types of content that match the search criteria. Search engines use complex algorithms to rank these results"
"1345";"An algorithm is a well-defined set of instructions or a step-by-step procedure designed to perform a specific task or solve a particular problem. It provides a systematic method for accomplishing a specific goal, often in the context of computing or mathematics, but also applicable in various other fields. Key characteristics of an algorithm include:

1. **Finiteness:** An algorithm should have a finite number of steps and must"
"394";"The animal known for its ability to create intricate and complex webs is the spider. Spiders produce silk from specialized glands called spinnerets and use it to spin webs, which they primarily use for trapping prey, although webs can also serve other functions such as protection and egg storage. Different species of spiders create various types of webs, including orb webs, funnel webs, and cobwebs, each with its"
"1323";"An operating system (OS) is a fundamental software that manages computer hardware and provides services for computer programs. It acts as an intermediary between users and the computer hardware. Its primary responsibilities include managing the computer's resources, such as the CPU, memory, storage, and input/output devices.

Key functions of an operating system include:

1. **Process Management** - Handling the creation, scheduling, and termination"
"1351";"A motherboard chipset is a crucial component of a computer's motherboard that acts as a communication center and traffic controller, determining how data flows between the processor, memory, storage devices, and other peripherals. It essentially serves as the motherboard's ""nervous system,"" managing and directing data to and from the CPU and other components on the board.

The chipset can be divided into two main components:

1."
"1349";"A database is an organized collection of data that is stored and accessed electronically. Databases are designed to support the efficient storage, retrieval, modification, and deletion of data. They are used in various applications and systems to manage large volumes of information efficiently and can be utilized for various purposes, such as managing customer information, inventory systems, or financial records.

Databases are managed by Database Management Systems (DB"
"2033";"The lead actress in the movie ""The Devil Wears Prada"" is Anne Hathaway. She plays the role of Andy Sachs."
"2080";"The lead actor in the movie ""Forrest Gump"" is Tom Hanks. He plays the title character, Forrest Gump."
"2053";"The lead actress in the movie ""La La Land"" is Emma Stone. She played the role of Mia Dolan."
"1350";"A software patch is a set of changes or updates applied to a software program to fix bugs, address security vulnerabilities, enhance functionalities, or improve performance and stability. Patches can also be used to update software components or adapt software to new hardware or environments. They are typically distributed by the software developer or vendor and are meant to correct issues without the need for a complete software replacement or upgrade.

Patches"
"2077";"The author of ""The Catcher in the Rye"" is J.D. Salinger."
"1346";"Encryption is the process of converting data or information into a coded format that is unreadable to unauthorized users. It uses mathematical algorithms to transform plaintext (original data) into ciphertext (encoded data), ensuring that only those with the correct decryption key or password can access the original information. Encryption is widely used to protect sensitive data in digital communications and storage, ensuring privacy and security across various applications, such as"
"1353";"An SSD, or Solid State Drive, is a type of data storage device that uses flash memory to store data. Unlike traditional hard disk drives (HDDs), SSDs have no moving parts, which makes them faster, more durable, and more energy-efficient. They are commonly used in computers, laptops, and other electronic devices to improve performance, such as faster boot times, quicker data access,"
"1344";"A bit, short for binary digit, is the most basic unit of data in computing and digital communications. A bit can have a value of either 0 or 1, representing the two possible states in a binary system. Bits are the fundamental building blocks of all digital information, and they are used to encode, process, and transmit data in computer systems. 

In more complex structures, bits are"
"2118";"The lead actress in the TV series ""The Handmaid's Tale"" is Elisabeth Moss. She plays the role of June Osborne, also known as Offred."
"2116";"The founder of the e-commerce company Amazon is Jeff Bezos. He founded the company in 1994."
"2120";"The first female Prime Minister of the United Kingdom was Margaret Thatcher. She served from May 4, 1979, to November 28, 1990."
"1352";"BIOS stands for Basic Input/Output System. It is a firmware embedded on a computer's motherboard that initializes and manages data flow between the computer's operating system and attached devices such as the hard drive, video adapter, keyboard, mouse, and printer when the computer boots up. BIOS also provides a set of low-level routines that the operating system or other software can use to interface with the hardware devices"
"1341";"An input device is a piece of hardware used to provide data and control signals to a computer or other information processing system. These devices allow users to interact with the computer by entering information and commands that the computer can then process. Common examples of input devices include:

1. **Keyboard**: Used for typing text and entering commands.
2. **Mouse**: A pointing device that allows users to navigate"
"2059";"The director of the movie ""The Silence of the Lambs"" is Jonathan Demme."
"1232";"Nuclear waste, also known as radioactive waste, is the byproduct of nuclear reactors, nuclear research projects, and nuclear weapons production. It can also result from medical procedures and industrial activities that use radioisotopes. The waste contains radioactive materials, which are unstable atoms that release radiation as they decay to a stable form. The main types of nuclear waste include:

1. **Low-Level Waste ("
"1340";"Cloud storage is a service model whereby data is stored, managed, and backed up remotely and made available to users over a network, typically the internet. Instead of storing data on a local hard drive or physical device, users can upload files to cloud storage providers, who manage the storage infrastructure and ensure data accessibility, security, and redundancy.

Key features of cloud storage include:

1. **Scalability"
"2121";"The Mona Lisa was painted by the Italian artist Leonardo da Vinci."
"1268";"An alpha particle is a type of ionizing radiation that consists of two protons and two neutrons bound together. It is equivalent to the nucleus of a helium-4 atom. Alpha particles are emitted during the radioactive decay of certain heavy elements, such as uranium, radium, and polonium. Since they are relatively heavy and carry a double positive charge, alpha particles have a limited ability to penetrate"
"1339";"A modem, short for ""modulator-demodulator,"" is a hardware device that enables a computer or another device to send and receive data over telephone lines, cable systems, or satellite connections. Its primary function is to convert digital data from a computer or other digital device into analog signals that can be transmitted over these systems and vice versa. 

There are different types of modems based on the communication"
"2082";"The author of ""The Great Gatsby"" is F. Scott Fitzgerald."
"2056";"The founder of the e-commerce giant Amazon is Jeff Bezos. He started the company in 1994."
"1338";"A router is a networking device that forwards data packets between computer networks, directing traffic on the internet. Routers perform the traffic directing functions on the Internet. They manage traffic by ensuring that data packets are sent to their correct destinations efficiently. When a data packet arrives at a router, the router reads its destination address and determines the best way to forward it.

In a home or small office environment, a"
"2101";"The electric car company Tesla was founded by Martin Eberhard and Marc Tarpenning in 2003. Elon Musk joined the company shortly after its founding and became one of its most prominent figures, contributing significantly to its success and growth."
"2090";"The lead actor in the movie ""The Godfather"" is Marlon Brando, who plays the role of Vito Corleone. Al Pacino also plays a significant role as Michael Corleone, Vito's son."
"272";"The animal known for its ability to mimic the appearance of a cobra is the **cobra lily**, also known as the **California pitcher plant** (Darlingtonia californica). This is not an animal but a plant. However, if you're referring to an animal, the **moth caterpillar** of the Asian species called the **Hemeroplanes triptolemus** is known for"
"2137";"The first Emperor of Rome was Augustus, also known as Gaius Octavius or Octavian. He became the first Roman Emperor in 27 BC after the fall of the Roman Republic and the defeat of his rivals, Mark Antony and Cleopatra. Augustus ruled until his death in AD 14, marking the beginning of the Roman Empire and the Pax Romana, a long period of relative peace and"
"2179";"The first female Chancellor of Germany was Angela Merkel, who served from 2005 to 2021."
"2138";"The invention of the telephone is primarily credited to Alexander Graham Bell, who was awarded the first successful patent for the device in 1876. However, there were other inventors, such as Elisha Gray and Antonio Meucci, who also worked on similar technologies around the same time. Meucci, in particular, is recognized for his early work on voice communication devices, and in 2002,"
"2108";"The TV series ""Big Little Lies"" features an ensemble cast, but some of the lead actresses include Reese Witherspoon, Nicole Kidman, and Shailene Woodley. These three play central roles in the series."
"1354";"A cache is a hardware or software component that stores data so that future requests for that data can be served more quickly. The data stored in a cache might be the result of an earlier computation or a copy of data stored elsewhere. Here are some key points about caches:

1. **Purpose**: Caches are used to improve the speed and efficiency of data access in a system. By keeping frequently"
"2183";"The first female Prime Minister of the United Kingdom was Margaret Thatcher. She served from May 4, 1979, to November 28, 1990."
"2210";"The author of ""The Picture of Dorian Gray"" is Oscar Wilde."
"2086";"The electric car company is Tesla, not SpaceX. Elon Musk is involved with both companies. He is one of the co-founders of Tesla and the founder of SpaceX."
"1337";"A computer network is a collection of interconnected devices that communicate with each other through a shared medium. These devices, often referred to as nodes, can include computers, servers, routers, switches, and other networking equipment. The primary purpose of a computer network is to enable data exchange, resource sharing, and communication between connected devices.

Key components of a computer network include:

1. **Nodes**: Devices"
"2117";"The author of ""Pride and Prejudice"" is Jane Austen."
"2136";"The author of ""The Great Gatsby"" is F. Scott Fitzgerald."
"2217";"""The Birth of Venus"" was painted by the Italian artist Sandro Botticelli."
"2149";"The author of ""The Adventures of Huckleberry Finn"" is Mark Twain."
"1310";"A breeder reactor is a type of nuclear reactor designed to generate more fissile material than it consumes. This is accomplished by converting fertile isotopes, such as uranium-238 or thorium-232, into fissile isotopes like plutonium-239 or uranium-233, respectively. 

The basic operation of a breeder reactor involves a primary nuclear reaction that produces energy while simultaneously allowing for the conversion of"
"2035";"The lead actor in the movie ""The Dark Knight"" is Christian Bale. He plays the role of Bruce Wayne/Batman."
"1347";"A browser, or web browser, is a software application used to access, retrieve, and view information and resources on the World Wide Web. It allows users to navigate through web pages, which are formatted in HTML and may contain text, images, videos, and other multimedia content. Browsers interpret and display this content based on web standards established by organizations like the World Wide Web Consortium (W3C"
"2152";"The ""Ode to Joy"" is part of the Symphony No. 9 in D minor, Op. 125, composed by Ludwig van Beethoven. Beethoven composed this symphony between 1822 and 1824, and ""Ode to Joy"" is used in the final movement, where it is set to the text of Friedrich Schiller's poem ""An die Freude"" (Ode"
"2197";"""The Last Supper"" was painted by Leonardo da Vinci."
"2262";"The artist who painted ""Starry Night"" is Vincent van Gogh."
"2284";"The playwright who wrote ""Romeo and Juliet"" is William Shakespeare."
"2265";"The philosopher who wrote ""The Republic"" is Plato."
"2198";"The first female Prime Minister of Israel was Golda Meir. She served from 1969 to 1974."
"2290";"The playwright who wrote ""Hamlet"" is William Shakespeare."
"2286";"""Eine kleine Nachtmusik"" was composed by Wolfgang Amadeus Mozart."
"2184";"The composer of the opera ""The Magic Flute"" is Wolfgang Amadeus Mozart."
"2187";"The artist who painted ""Guernica"" is Pablo Picasso."
"2288";"The philosopher who wrote ""Thus Spoke Zarathustra"" is Friedrich Nietzsche."
"2294";"The artist who painted the ""Mona Lisa"" is Leonardo da Vinci."
"2158";"The artist who painted ""Girl with a Pearl Earring"" is Johannes Vermeer."
"2100";"The lead actor in the movie ""The Matrix"" is Keanu Reeves. He plays the character Neo."
"2280";"The physicist who developed the theory of general relativity is Albert Einstein. He published this groundbreaking theory in 1915."
"2273";"The composer who wrote ""The Four Seasons"" is Antonio Vivaldi. It is a set of four violin concertos, each of which gives a musical expression to a season of the year."
"2029";"The director of the movie ""The Shawshank Redemption"" is Frank Darabont."
"2260";"The author of ""Pride and Prejudice"" is Jane Austen."
"2316";"The musician who composed ""Für Elise"" is Ludwig van Beethoven."
"2271";"The author of ""To Kill a Mockingbird"" is Harper Lee."
"2321";"The artist who painted the ""Mona Lisa"" is Leonardo da Vinci."
"2318";"The actor who played James Bond in ""Goldfinger"" is Sean Connery."
"2220";"The author of ""The Great Gatsby"" is F. Scott Fitzgerald."
"2313";"The singer who performed ""Purple Rain"" is Prince."
"2052";"The author of ""The Great Gatsby"" is F. Scott Fitzgerald."
"1311";"A neutron moderator is a material used in nuclear reactors to slow down fast neutrons, thereby enhancing the likelihood of further nuclear reactions, specifically in thermal reactors. Neutrons produced by fission reactions are typically fast, moving at high speeds, and are less likely to induce further fission when they collide with nuclear fuel like uranium-235. To improve the probability of absorption by the fuel, these neut"
"2039";"The director of the movie ""Pulp Fiction"" is Quentin Tarantino."
"2276";"The author of ""1984"" is George Orwell."
"2302";"The ""I Have a Dream"" speech was delivered by Dr. Martin Luther King Jr. on August 28, 1963, during the March on Washington for Jobs and Freedom."
"2269";"The founder of the Mongol Empire was Genghis Khan, who united the Mongol tribes and began his conquests in the early 13th century. His birth name was Temujin, and he was proclaimed ""Genghis Khan,"" meaning ""universal ruler,"" after successfully unifying the Mongols in 1206."
"2066";"The ride-hailing company Uber was founded by Garrett Camp and Travis Kalanick in 2009."
"2308";"The author of ""The Odyssey"" is traditionally attributed to the ancient Greek poet Homer."
"2034";"The TV series ""Breaking Bad"" was created by Vince Gilligan."
"2032";"The author of ""To Kill a Mockingbird"" is Harper Lee."
"2195";"The author of ""1984"" is George Orwell."
"2031";"Rivian was founded by Robert ""RJ"" Scaringe. He started the company in 2009 with the goal of producing electric vehicles that are suitable for adventure and off-road driving."
"2027";"The author of ""One Hundred Years of Solitude"" is Gabriel García Márquez."
"2042";"The author of ""Pride and Prejudice"" is Jane Austen."
"2065";"The lead actor in the movie ""The Dark Knight"" is Christian Bale. He plays the role of Bruce Wayne/Batman."
"2070";"The lead actor in the movie ""The Matrix"" is Keanu Reeves, who plays the role of Neo."
"2055";"The lead actor in the movie ""The Shawshank Redemption"" is Tim Robbins, who plays the role of Andy Dufresne. Morgan Freeman also plays a significant role as Ellis ""Red"" Redding."
"2335";"The poem ""Do Not Go Gentle into That Good Night"" was written by Welsh poet Dylan Thomas."
"2094";"The TV series ""Breaking Bad"" was created by Vince Gilligan."
"2178";"The author of ""The Adventures of Tom Sawyer"" is Mark Twain."
"2225";"The author of ""The Canterbury Tales"" is Geoffrey Chaucer."
"2341";"The artist who painted ""The Persistence of Memory"" is Salvador Dalí."
"2092";"The author of ""To Kill a Mockingbird"" is Harper Lee."
"2324";"The leader who famously said ""I have a dream"" was Dr. Martin Luther King Jr. This quote is from his iconic speech delivered during the March on Washington for Jobs and Freedom on August 28, 1963."
"2350";"The author of ""To Kill a Mockingbird"" is Harper Lee."
"2268";"The development of the steam engine was a gradual process involving several inventors and innovations over time. However, key figures include:

1. **Thomas Newcomen**: He developed the first practical steam engine for pumping water, known as the atmospheric engine, around 1712.

2. **James Watt**: He made significant improvements to the Newcomen engine in the late 18th century"
"2154";"The author of ""One Hundred Years of Solitude"" is Gabriel García Márquez."
"2362";"The composer of ""Für Elise"" is Ludwig van Beethoven."
"2319";"The queen who ruled England during the Victorian era was Queen Victoria. Her reign lasted from June 20, 1837, until her death on January 22, 1901. This period is known as the Victorian era and was marked by significant industrial, cultural, political, scientific, and military changes in the United Kingdom."
"2336";"The director of ""Pulp Fiction"" is Quentin Tarantino."
"2218";"The first female President of Brazil was Dilma Rousseff. She served as President from January 1, 2011, until her impeachment on August 31, 2016."
"2325";"The poet who wrote ""The Waste Land"" is T.S. Eliot. The poem was first published in 1922 and is considered one of the most important works of modernist literature."
"2282";"The artist who painted ""Starry Night"" is Vincent van Gogh."
"2343";"The founder of Amazon.com is Jeff Bezos. He founded the company in 1994."
"2266";"The artist who painted the Sistine Chapel Ceiling is Michelangelo Buonarroti. He completed this monumental work between 1508 and 1512."
"2026";"Tesla, Inc. was founded by Martin Eberhard and Marc Tarpenning in 2003. Elon Musk joined the company shortly afterward, leading its initial rounds of investment and taking on a significant leadership role as chairman and later CEO, which contributed greatly to Tesla's growth and visibility."
"2173";"The first female Prime Minister of India was Indira Gandhi. She served as Prime Minister from 1966 to 1977 and then again from 1980 until her assassination in 1984."
"2172";"The author of ""To Kill a Mockingbird"" is Harper Lee."
"2272";"The theory of relativity was discovered by Albert Einstein. He introduced the special theory of relativity in 1905 and the general theory of relativity in 1915."
"2114";"The TV series ""Friends"" was created by David Crane and Marta Kauffman."
"2296";"""The Communist Manifesto"" was written by the philosophers Karl Marx and Friedrich Engels. It was first published in 1848 and outlines the principles of communism and the theory of class struggle."
"2036";"The ride-sharing company Uber was founded by Garrett Camp and Travis Kalanick in 2009."
"2332";"The composer of ""Symphony No. 9"" is Ludwig van Beethoven. His Ninth Symphony, often referred to as the ""Choral Symphony,"" is famous for its final movement, which includes a choral setting of Friedrich Schiller's poem ""Ode to Joy."""
"2278";"The artist who sculpted ""David"" is Michelangelo Buonarroti. He completed this famous marble sculpture between 1501 and 1504 during the Renaissance period."
"2342";"The composer of ""Eine kleine Nachtmusik,"" which is also known as ""Serenade No. 13 for strings in G major, K. 525,"" is Wolfgang Amadeus Mozart."
"2357";"The scientist who proposed the theory of relativity is Albert Einstein. He introduced the special theory of relativity in 1905 and the general theory of relativity in 1915."
"2131";"The scientist known for his theory of relativity is Albert Einstein. His theory includes the special theory of relativity, introduced in 1905, and the general theory of relativity, formulated in 1915. These theories fundamentally changed our understanding of space, time, and gravity."
"2214";"The composer of the opera ""Carmen"" is Georges Bizet."
"2345";"The poet who wrote ""The Waste Land"" is T.S. Eliot. The poem was first published in 1922 and is considered one of the most important works of modernist literature."
"2045";"The lead actor in the movie ""Schindler's List"" is Liam Neeson. He portrays the character Oskar Schindler."
"2344";"The leader who famously said ""I have a dream"" is Dr. Martin Luther King Jr. He delivered this iconic speech during the March on Washington for Jobs and Freedom on August 28, 1963."
"2208";"The first female Prime Minister of Canada was Kim Campbell. She served as Prime Minister from June 25, 1993, to November 4, 1993."
"2352";"The composer of ""The Four Seasons"" is Antonio Vivaldi."
"2327";"The scientist who discovered penicillin is Alexander Fleming. He made this discovery in 1928 when he observed that a mold called Penicillium notatum had antibacterial properties, which led to the development of penicillin as the first true antibiotic."
"2363";"Microsoft was founded by Bill Gates and Paul Allen in 1975."
"2380";"The author of ""Pride and Prejudice"" is Jane Austen."
"2130";"The author of ""To Kill a Mockingbird"" is Harper Lee."
"2047";"The author of ""The Catcher in the Rye"" is J.D. Salinger."
"2386";"The artist who painted ""The Mona Lisa"" is Leonardo da Vinci."
"2038";"The TV series ""Friends"" features an ensemble cast rather than having a single lead actor or actress. The main female actresses in the show are Jennifer Aniston, who plays Rachel Green; Courteney Cox, who plays Monica Geller; and Lisa Kudrow, who plays Phoebe Buffay."
"2064";"The creator of the TV series ""Breaking Bad"" is Vince Gilligan."
"2370";"The scientist who formulated the theory of relativity is Albert Einstein. He introduced the special theory of relativity in 1905 and the general theory of relativity in 1915."
"2073";"The lead actress in the movie ""Black Swan"" is Natalie Portman."
"2340";"The author of ""The Great Gatsby"" is F. Scott Fitzgerald."
"2212";"The artist who painted ""The Last Supper"" is Leonardo da Vinci."
"2233";"The first female Prime Minister of the United Kingdom was Margaret Thatcher. She served from May 4, 1979, to November 28, 1990."
"2389";"Microsoft was founded by Bill Gates and Paul Allen."
"2384";"The ""I Have a Dream"" speech was delivered by Dr. Martin Luther King Jr. on August 28, 1963, during the March on Washington for Jobs and Freedom."
"2102";"The author of ""The Catcher in the Rye"" is J.D. Salinger."
"2241";"The philosopher who wrote ""The Republic"" is Plato."
"2304";"The actress who starred in ""Breakfast at Tiffany's"" is Audrey Hepburn. She played the iconic role of Holly Golightly in the 1961 film."
"2390";"The first person to step on the moon was astronaut Neil Armstrong. He did so on July 20, 1969, during NASA's Apollo 11 mission."
"2087";"The author of ""1984"" is George Orwell."
"2226";"The philosopher known for the statement ""Cogito ergo sum"" (""I think, therefore I am"") is René Descartes."
"2194";"The composer of the opera ""Rigoletto"" is Giuseppe Verdi."
"2338";"The invention of the telephone is primarily credited to Alexander Graham Bell, who was awarded the first US patent for an ""improvement in telegraphy"" for the device in 1876. However, it is important to note that there were several other inventors and scientists, such as Elisha Gray and Antonio Meucci, who were also working on similar technologies around the same time, leading to debates"
"2267";"The author of ""The Great Gatsby"" is F. Scott Fitzgerald."
"2189";"The composer of the opera ""Don Giovanni"" is Wolfgang Amadeus Mozart."
"2287";"The author of ""Pride and Prejudice"" is Jane Austen."
"2234";"The composer of the ""Moonlight Sonata"" is Ludwig van Beethoven. Its official title is Piano Sonata No. 14 in C-sharp minor, Op. 27, No. 2, and it was completed in 1801."
"2106";"Twitter was founded by Jack Dorsey, Biz Stone, Evan Williams, and Noah Glass. Jack Dorsey is often credited as one of the primary founders due to his significant role in the company's early development and his tenure as CEO."
"2305";"The author of ""Pride and Prejudice"" is Jane Austen."
"2018";"""The Crown"" features different lead actresses portraying Queen Elizabeth II across its seasons. Claire Foy played the role in the first two seasons, Olivia Colman took over for the third and fourth seasons, and Imelda Staunton plays the role in the fifth and sixth seasons."
"2099";"The director of the movie ""The Dark Knight"" is Christopher Nolan."
"2046";"Faraday Future was founded by Jia Yueting along with several other executives. Jia Yueting, who is also the founder of LeEco, an influential Chinese technology company, played a significant role in establishing Faraday Future in 2014."
"2211";"The scientist known for his theory of relativity is Albert Einstein. He developed both the special theory of relativity, published in 1905, and the general theory of relativity, published in 1915. These groundbreaking theories revolutionized our understanding of space, time, and gravity."
"2168";"The first female President of India was Pratibha Patil. She served as the 12th President from July 25, 2007, to July 25, 2012."
"2391";"The author of ""To Kill a Mockingbird"" is Harper Lee."
"2191";"The law of gravity was discovered by Sir Isaac Newton. He formulated the law of universal gravitation in the late 17th century, which describes the gravitational attraction between masses."
"2347";"The scientist who is credited with discovering the laws of motion is Sir Isaac Newton. He formulated these laws in the 17th century, and they are fundamental to classical mechanics. They were published in his work ""Philosophiæ Naturalis Principia Mathematica"" in 1687."
"2366";"The director of ""The Godfather"" is Francis Ford Coppola."
"2127";"The ancient Greek philosopher known for his teachings on ethics and morality is Socrates. He is renowned for his contribution to ethics and epistemology and is considered one of the founders of Western philosophy. Socrates is well known for his method of dialectical questioning, known as the Socratic method, which aimed to stimulate critical thinking and to illuminate ideas."
"2176";"The philosopher known for his theory of ""The Social Contract"" is Jean-Jacques Rousseau. Rousseau's ideas on the social contract were articulated in his 1762 work titled ""The Social Contract, or Principles of Political Right,"" where he explored the concept of legitimate political authority founded on the general will of the people."
"2541";"The sea located between Africa and the Middle East is the Red Sea."
"2333";"Apple Inc. was founded by Steve Jobs, Steve Wozniak, and Ronald Wayne. The company was established on April 1, 1976."
"2367";"Sir Isaac Newton is the scientist credited with the discovery of the law of gravity. He formulated the law of universal gravitation in the late 17th century."
"2096";"The founder of the social networking website Facebook is Mark Zuckerberg. He co-founded it with his college roommates Eduardo Saverin, Andrew McCollum, Dustin Moskovitz, and Chris Hughes while they were students at Harvard University. Facebook was launched in 2004."
"2281";"The writer of ""The Great Gatsby"" is F. Scott Fitzgerald."
"2256";"The philosopher who wrote ""Beyond Good and Evil"" is Friedrich Nietzsche. The book was first published in 1886 and is one of Nietzsche's most well-known works, exploring themes such as morality, truth, and the critique of traditional philosophy."
"2312";"The playwright who wrote ""Hamlet"" is William Shakespeare."
"2369";"The ancient Greek philosopher who is often credited with being a teacher of Socrates is Anaxagoras. Anaxagoras was known for introducing the concept of nous (mind or intellect) as a fundamental principle in the cosmos. However, it is important to note that the details of Socrates' education are not well-documented, and it is possible that he was influenced by multiple thinkers and ideas"
"2196";"The philosopher known for his theory of ""The Nicomachean Ethics"" is Aristotle. This work is one of his most significant contributions to ethical and philosophical thought, where he explores the nature of the good life and virtue ethics."
"2353";"Tesla Motors was founded by Martin Eberhard and Marc Tarpenning in 2003. Elon Musk, JB Straubel, and Ian Wright joined shortly after and were instrumental in its early development, with Musk playing a crucial role in shaping the company's vision and direction."
"2298";"The scientist who is most famously associated with proposing the theory of evolution is Charles Darwin. He introduced his theory of natural selection as a mechanism for evolutionary change in his landmark work ""On the Origin of Species,"" published in 1859. While Darwin is the most prominent figure, it's worth noting that the concept of evolution had been considered by other scientists around the same time. Notably, Alfred Russel"
"2221";"The scientist known for his laws of planetary motion is Johannes Kepler. Kepler formulated three fundamental laws that describe the motion of planets around the sun, known as Kepler's laws of planetary motion. These laws were crucial in the development of celestial mechanics and supported the heliocentric model of the solar system."
"2236";"The philosopher known for his concept of the ""Übermensch"" is Friedrich Nietzsche. Nietzsche introduced this idea in his work ""Also sprach Zarathustra"" (""Thus Spoke Zarathustra""), where the Übermensch represents an individual who has transcended the limitations of conventional morality and human norms to create their own values and purpose."
"2634";"The capital of Egypt is Cairo."
"2274";"The philosopher who wrote ""Meditations"" is Marcus Aurelius. He was a Roman emperor and a practitioner of Stoicism. His work is a series of personal writings intended for his own self-improvement and reflection."
"2166";"The philosopher known for the ""Allegory of the Cave"" is Plato. This allegory appears in Book VII of his work ""The Republic."" It is a philosophical metaphor for the process of enlightenment and the effects of education on human perception."
"2207";"The artist who painted ""The Starry Night"" is Vincent van Gogh."
"2381";"The invention of the telephone is primarily attributed to Alexander Graham Bell, who was awarded the first US patent for the invention of the telephone in 1876. However, it is worth noting that there were other inventors, such as Elisha Gray and Antonio Meucci, who were working on similar technologies around the same time. Meucci, in particular, is recognized by some for his early work on"
"2387";"The scientist who developed the laws of motion is Sir Isaac Newton. He formulated the three laws of motion, which are fundamental to classical mechanics and were first published in his work ""Philosophiæ Naturalis Principia Mathematica"" in 1687."
"2322";"The composer of ""The Four Seasons"" is Antonio Vivaldi."
"2017";"The author of ""The Great Gatsby"" is F. Scott Fitzgerald."
"2373";"The Indian independence movement was inspired and led by several key figures over the years, but Mahatma Gandhi is widely recognized as one of the most influential leaders. His philosophy of nonviolent resistance, or Satyagraha, was pivotal in mobilizing masses across India against British colonial rule. Other significant leaders included Jawaharlal Nehru, Subhas Chandra Bose, Bal Gangadhar Tilak"
"2068";"""The Crown"" is a television series that has featured different lead actresses portraying Queen Elizabeth II across its seasons. 

1. Claire Foy played Queen Elizabeth II in the first two seasons.
2. Olivia Colman took over the role for the third and fourth seasons.
3. Imelda Staunton plays the role starting from the fifth season.

Each actress leads during their respective seasons, capturing different periods"
"2264";"""Für Elise"" was composed by Ludwig van Beethoven."
"2355";"The poem ""Do Not Go Gentle into That Good Night"" was written by the Welsh poet Dylan Thomas. It is one of his most famous works and was completed in 1947."
"2374";"The first person to walk on the moon was Neil Armstrong. He accomplished this historic feat on July 20, 1969, during NASA's Apollo 11 mission."
"2291";"The civil rights activist who gave the ""I Have a Dream"" speech is Dr. Martin Luther King Jr. He delivered the speech on August 28, 1963, during the March on Washington for Jobs and Freedom."
"2112";"The author of ""1984"" is George Orwell."
"2163";"The first and only President of the Soviet Union was Mikhail Gorbachev. He served as President from March 1990 until the dissolution of the Soviet Union in December 1991."
"2414";"The musician who composed ""The Four Seasons"" is Antonio Vivaldi."
"2095";"The lead actors in ""The Silence of the Lambs"" are Jodie Foster, who plays the role of Clarice Starling, and Anthony Hopkins, who plays Dr. Hannibal Lecter."
"2329";"It seems there might be a mix-up in your question. The famous military leader who crossed the Alps with his army was actually the Carthaginian general Hannibal Barca, not a Roman general. During the Second Punic War, Hannibal led his forces, including war elephants, across the Alps to invade Italy, which was a remarkable military feat. If you meant a Roman general related to similar"
"2259";"As of October 2023, the United States has not had a female president."
"2232";"""The Persistence of Memory"" was painted by the Spanish surrealist artist Salvador Dalí. It was completed in 1931 and is one of his most famous works."
"2227";"The artist who painted ""Girl with a Pearl Earring"" is Johannes Vermeer."
"2383";"The queen who ruled England for over 63 years is Queen Victoria. She reigned from June 20, 1837, until her death on January 22, 1901, which is a total of 63 years and 216 days."
"2193";"The first female President of Chile was Michelle Bachelet. She served her first term from 2006 to 2010 and was re-elected for a second term from 2014 to 2018."
"2356";"The original ""Star Wars"" film, released in 1977, was directed by George Lucas. If you're referring to other films within the ""Star Wars"" franchise, there are multiple directors:

- ""The Empire Strikes Back"" (1980) was directed by Irvin Kershner.
- ""Return of the Jedi"" (1983) was directed by Richard Marquand.
"
"2182";"The scientist who proposed the three laws of motion is Sir Isaac Newton. These laws were presented in his work ""Philosophiæ Naturalis Principia Mathematica,"" published in 1687."
"2378";"The scientist most commonly credited with developing the theory of evolution by natural selection is Charles Darwin. Darwin detailed his ideas in his groundbreaking work, ""On the Origin of Species,"" published in 1859. His theory revolutionized our understanding of biological diversity and the development of species over time. Additionally, Alfred Russel Wallace independently conceived a similar theory of natural selection around the same time, and both scientists'"
"757";"Yes, dinosaurs did lay eggs in nests. Many fossilized dinosaur nests have been discovered, providing evidence that some species, including both theropods (like the Velociraptor) and sauropodomorphs (like the Saltasaurus), constructed nests and laid eggs in them. These nests ranged from simple depressions in the ground to more complex structures built with vegetation and other materials. The"
"2793";"The mountain range that runs through the western part of South America is called the Andes."
"285";"The box jellyfish, specifically the species Chironex fleckeri, is known for producing one of the most potent venoms in the animal kingdom. This venom can cause extreme pain, heart failure, and even death in humans. Another example is the inland taipan snake, which possesses incredibly toxic venom that is considered the most venomous of any snake."
"2983";"Kerala is the Indian state famous for its backwaters and houseboat cruises. The backwaters are a network of interconnected canals, rivers, lakes, and inlets that provide a unique and tranquil setting for houseboat cruises, making it a popular tourist attraction."
"452";"The animal known for its ability to produce venom that affects the nervous system and causes muscle paralysis is the cone snail. Cone snails use a harpoon-like tooth to inject venom into their prey. The venom contains conotoxins, which are potent neurotoxins that can cause muscle paralysis and other serious effects."
"2300";"The singer who performed ""Thriller"" is Michael Jackson."
"2371";"The artist who painted ""The Starry Night"" is Vincent van Gogh."
"2142";"The first President of the United States was George Washington. He served from 1789 to 1797."
"2315";"The author of ""The Great Gatsby"" is F. Scott Fitzgerald."
"2794";"The country known as the ""Land Down Under"" is Australia."
"2348";"The invention of the light bulb cannot be attributed to a single individual, as several inventors contributed to its development over time.

- **Sir Humphry Davy** created the first electric light in 1802 by passing current through a thin strip of platinum, which was known as an ""arc lamp.""
- **Warren de la Rue** enclosed a platinum coil in a vacuum tube in 184"
"2306";"The artist who painted ""Starry Night"" is Vincent van Gogh."
"2043";"The lead actress in the movie ""Titanic"" is Kate Winslet. She played the role of Rose DeWitt Bukater."
"2785";"Australia is home to the world's largest coral reef system, the Great Barrier Reef."
"2796";"The sea bounded by Europe to the north and Africa to the south is the Mediterranean Sea."
"2800";"The mountain range that runs through the eastern part of North America is called the Appalachian Mountains."
"427";"The chameleon is best known for its ability to camouflage itself by changing its body coloration and pattern. This adaptation helps them communicate, regulate their temperature, and blend into their surroundings to avoid predators."
"489";"The chameleon is known for its ability to camouflage itself by changing its skin color and pattern to match its surroundings. This remarkable ability helps chameleons communicate, regulate their body temperature, and avoid predators."
"2805";"The strait that separates Asia and North America is called the Bering Strait."
"2801";"The country located on the Iberian Peninsula in Europe is Spain. The peninsula also includes Portugal, Andorra, and a small part of France, as well as the British Overseas Territory of Gibraltar."
"2629";"The sea located between India and Sri Lanka is called the Palk Strait."
"421";"The animal known for its ability to produce venom that affects the nervous system is the cone snail. Cone snails produce a potent neurotoxic venom used to paralyze their prey, which can have serious effects on the nervous system in humans if envenomation occurs."
"2795";"The Himalayan mountain range extends across several countries, including Bhutan, India, Nepal, China (specifically the Tibet Autonomous Region), and Pakistan. Of these, Nepal is a country that is centrally located within the Himalayas and is often most closely associated with the mountain range."
"2174";"The artist who painted ""The Persistence of Memory"" is Salvador Dalí."
"2028";"The lead actress in the TV series ""Stranger Things"" is Millie Bobby Brown. She plays the character Eleven."
"260";"The largest species of frog is the Goliath frog (Conraua goliath). Native to the rainforests of central Africa, particularly in Cameroon and Equatorial Guinea, the Goliath frog can grow up to 32 centimeters (about 12.5 inches) in length and weigh as much as 3.3 kilograms (around 7.3 pounds)."
"446";"The largest species of gorilla is the eastern gorilla (Gorilla beringei), with the subspecies known as the eastern lowland gorilla (Gorilla beringei graueri) being the largest of the group. Adult male eastern lowland gorillas can weigh over 200 kilograms (about 440 pounds) and stand up to 1.8 meters (nearly"
"513";"The chameleon is known for its ability to camouflage itself by changing its skin color and pattern to match its environment. This remarkable ability helps chameleons blend in with their surroundings, both for protection from predators and for communication with other chameleons."
"445";"The animal known for its ability to produce venom that affects the nervous system and causes paralysis is the cone snail. Cone snails are marine gastropods that use a specialized venom to capture prey. This venom contains a complex mixture of toxins, some of which can target the nervous system and lead to paralysis in their prey. Another well-known example is the box jellyfish, which also has venom that can"
"454";"The animal known for its ability to camouflage itself by changing its skin color and texture is the chameleon. Chameleons have specialized cells in their skin called chromatophores that allow them to alter their appearance for communication, temperature regulation, and camouflage against predators."
"48";"The smallest mammal in terms of weight is the bumblebee bat, also known as Kitti's hog-nosed bat (Craseonycteris thonglongyai). It weighs about 2 grams (0.07 ounces) and has a wingspan of approximately 5.7 inches (14.5 cm). In terms of body length, the Etruscan shrew (S"
"69";"The most endangered species of big cat is the Amur leopard (Panthera pardus orientalis). Native to the temperate forests of the Russian Far East and northeastern China, this subspecies of leopard has experienced significant threats from habitat loss, poaching, and prey depletion. Conservation efforts are ongoing to help stabilize and increase their population, but they remain critically endangered according to the International Union for Conservation"
"432";"The smallest species of jellyfish is generally considered to be the Irukandji jellyfish. Some species of this group, like the Malo kingi, are extremely small, measuring about 1 to 2 centimeters in diameter. Despite their small size, they can be quite dangerous due to their potent venom."
"2301";"The author of ""The Catcher in the Rye"" is J.D. Salinger."
"277";"The animal best known for its ability to emit a strong-smelling odor as a defense mechanism is the skunk. Skunks release a pungent spray from glands located near their tails when they feel threatened, deterring predators with the unpleasant smell."
"509";"The animal known for its ability to camouflage itself by imitating the appearance of its surroundings, such as tree branches, is the stick insect, also known as the phasmid. These insects have elongated bodies and appendages that resemble twigs or branches, allowing them to blend seamlessly into their environment to avoid predators."
"415";"The largest species of snake is the reticulated python (*Malayopython reticulatus*). This species holds the record for the longest snake in the world, with some individuals reaching lengths of over 30 feet (about 9 meters). While not the heaviest, the reticulated python's length surpasses other large snake species. The green anaconda (*Eunectes murinus"
"527";"The animal you are referring to is likely the box jellyfish. Box jellyfish are known for their potent venom, which can have severe effects on the cardiovascular system, cause intense pain, and lead to tissue damage. Their stings can be extremely dangerous and even fatal to humans."
"57";"The largest species of shark is the whale shark (*Rhincodon typus*). Whale sharks can grow up to about 40 feet (12 meters) in length, although some unconfirmed reports suggest they may grow even longer. These gentle giants are filter feeders and primarily consume plankton and small fish."
"414";"The animal known for its ability to regrow its tail is the lizard, specifically many species within the order Squamata, such as geckos and skinks. This process is known as autotomy, where the lizard can detach its tail when threatened, and later regenerate it."
"2113";"The lead actress in the movie ""La La Land"" is Emma Stone."
"276";"The smallest species of bear is the sun bear (Helarctos malayanus). Adult sun bears typically weigh between 25 to 65 kilograms (55 to 143 pounds) and are about 120 to 150 centimeters (47 to 59 inches) in length. They are native to the tropical forests of Southeast Asia and are known for their relatively small size, short black fur, and"
"2292";"""The Prince"" was written by Niccolò Machiavelli, an Italian diplomat, philosopher, and historian. It was originally published in 1532, five years after his death. The work is one of the most important political treatises of the Renaissance and is often considered a foundational text in political philosophy."
"503";"The animal known for its ability to produce venom that affects the nervous system and causes intense pain is the box jellyfish. This marine creature is infamous for its potent venom, which can cause severe pain and potentially life-threatening injuries to humans. Their venom contains toxins that attack the heart, nervous system, and skin cells."
"284";"The smallest species of kangaroo is the Musky Rat-kangaroo (*Hypsiprymnodon moschatus*). Unlike larger kangaroos, the Musky Rat-kangaroo is much smaller in size, with an average body length of about 23-30 cm (9-12 inches) and a tail roughly the same length. This tiny marsupial is found in the"
"424";"The smallest species of whale is the dwarf sperm whale (*Kogia sima*). Adult dwarf sperm whales typically grow to a length of about 8.5 to 9 feet (approximately 2.6 to 2.7 meters) and weigh between 300 to 600 pounds (around 136 to 272 kilograms). They are one of the smallest members of the whale family."
"448";"The animal known for its ability to produce venom that affects the respiratory system and causes intense pain is the box jellyfish. The venom of the box jellyfish can be extremely potent, causing respiratory distress, intense pain, and even cardiac arrest in severe cases. Box jellyfish are considered one of the most dangerous marine animals due to their venomous stings."
"2155";"The founder of Islam is the Prophet Muhammad. He is considered the last prophet in Islam and is believed to have received revelations from God, which are recorded in the Qur'an, the holy book of Islam. Muhammad's teachings form the foundation of the Islamic faith."
"740";"Yes, there is evidence to suggest that some species of dinosaurs lived in herds. Fossilized trackways, nesting sites, and bone beds indicate social behavior among certain dinosaur species. For example, herbivorous dinosaurs like hadrosaurs and ceratopsians are believed to have lived and traveled in groups, which could offer protection against predators. Furthermore, discoveries of multiple nests in close proximity,"
"451";"The largest species of crab is the Japanese spider crab (*Macrocheira kaempferi*). This species is known for its long legs, with a leg span that can reach up to 12 feet (about 3.7 meters) across. The body itself can grow to about 16 inches (40 centimeters) in width, and the crab can weigh up to 42 pounds (approximately"
"1481";"Cache memory is a small, high-speed storage component in a computer that temporarily holds frequently accessed data and instructions. It is designed to provide quick data access to the CPU, reducing the time it takes for the CPU to retrieve data from the main memory (RAM). By storing copies of frequently used data closer to the CPU, cache memory helps improve overall system performance and efficiency.

There are typically several levels of"
"419";"The largest species of salamander is the Chinese giant salamander (*Andrias davidianus*). It can grow up to 1.8 meters (about 6 feet) in length, making it not only the largest salamander but also one of the largest amphibians in the world."
"410";"The animal known for its ability to produce venom that affects the blood is the snake, specifically certain species of Viperidae and Elapidae families. For example, vipers, such as rattlesnakes, have hemotoxic venom that affects the blood by destroying red blood cells, disrupting blood clotting, and causing tissue damage. Similarly, some elapid snakes, like cobras, also possess"
"93";"The animal with the most colorful plumage is often considered to be the peacock, specifically the male Indian Peafowl (Pavo cristatus). The male is renowned for its iridescent tail feathers, which it fans out in a stunning display featuring vibrant blues, greens, and golds. These feathers are highly ornate and have eye-catching patterns that are used to attract mates. The combination of"
"457";"The smallest species of turtle is the speckled cape tortoise, also known as the speckled padloper tortoise (Homopus signatus). Native to South Africa, these tiny tortoises typically measure just about 6 to 8 centimeters (approximately 2.4 to 3.1 inches) in length and weigh around 95 to 165 grams (about 3"
"765";"Yes, many dinosaurs likely used their tails as weapons. Evidence suggests that some species, such as the Stegosaurus and the Ankylosaurus, had specialized tail structures that could have been used for defense. The Stegosaurus had spikes on its tail, known as a thagomizer, which could inflict serious damage on predators. Similarly, the Ankylosaurus had a large,"
"2790";"The mountain range that stretches across the middle of Europe is called the Alps."
"54";"The animal with one of the best senses of smell is the African elephant. Elephants have an exceptionally large number of olfactory receptors, allowing them to detect scents over great distances, sometimes several miles away. Another animal known for its incredible sense of smell is the bloodhound. Bloodhounds are bred specifically for scent-tracking and can follow a scent trail that is days old, thanks to their highly"
"506";"The largest species of penguin is the emperor penguin (*Aptenodytes forsteri*). These penguins can grow up to 48 inches (1.2 meters) tall and weigh between 49 to 99 pounds (22 to 45 kilograms). Emperor penguins are well-known for their impressive size and their ability to survive in the harsh conditions of Antarctica."
"2060";"The lead actor in ""The Godfather"" is Marlon Brando. He plays the role of Vito Corleone. Al Pacino also plays a significant role as Michael Corleone, Vito's son."
"2799";"The smallest country in the world by land area is Vatican City. It is an independent city-state enclaved within Rome, Italy, and covers an area of approximately 44 hectares (110 acres)."
"3341";"Why don't skeletons fight each other? They don't have the guts!"
"3339";"Why don't skeletons fight each other?

They don't have the guts!"
"3402";"Why don't skeletons fight each other?

They don't have the guts."
"3403";"Why don't skeletons fight each other? They don't have the guts!"
"3347";"Sure, here's one for you:

Why did the scarecrow win an award?

Because he was outstanding in his field!"
"2788";"The river that flows through the Grand Canyon is the Colorado River."
"2792";"The country located on the eastern coast of South America is Brazil."
"3351";"Why don't skeletons fight each other?

They don't have the guts."
"3354";"Why don't skeletons fight each other? They don't have the guts!"
"3404";"Why don't skeletons fight each other?

They don't have the guts!"
"3410";"Sure, here's a light-hearted joke for you:

Why don't skeletons fight each other?

They don't have the guts!"
"2802";"The river that flows through the city of Paris is the Seine River."
"418";"The chameleon is well-known for its ability to camouflage itself by changing its skin pattern and color. This adaptation helps it blend into its surroundings to avoid predators and communicate with other chameleons."
"2388";"The playwright who wrote ""Hamlet"" is William Shakespeare."
"3366";"Why did the computer go to therapy?

It had too many bytes from its past!"
"3356";"Why don't skeletons fight each other?

They don't have the guts!"
"2976";"The Indian revolutionary known as ""Shaheed-e-Azam"" is Bhagat Singh. He is celebrated for his significant contributions to the Indian independence movement against British colonial rule and is remembered for his courage and sacrifice."
"560";"The largest species of penguin is the Emperor Penguin (Aptenodytes forsteri). Adult emperor penguins can reach heights of up to 48 inches (122 cm) and weigh between 50 to 100 pounds (23 to 45 kg)."
"859";"The study of the rates at which chemical reactions occur is called chemical kinetics."
"3409";"Why don't skeletons fight each other?

They don't have the guts!"
"3363";"Why don't skeletons fight each other? They don't have the guts!"
"435";"The animal known for its ability to produce venom that affects the heart and nervous system is the box jellyfish. Box jellyfish are highly venomous and their sting can cause severe pain, cardiac arrest, paralysis, and even death in humans if not treated promptly."
"312";"The smallest species of shark is the dwarf lanternshark (Etmopterus perryi). This tiny deep-sea shark is typically about 6 to 8 inches (15 to 20 centimeters) in length. It is known for its ability to produce light through bioluminescence, which helps it to camouflage in the dark waters of its deep-sea habitat."
"3353";"Sure, here's one for you:

Why don't skeletons fight each other?

They don't have the guts!"
"1077";"DNA (deoxyribonucleic acid) and RNA (ribonucleic acid) are both nucleic acids that play crucial roles in genetics and biology. However, they have several key differences:

1. **Structure**:
   - **DNA**: It is typically a double-stranded molecule, forming a double helix structure. Its strands are long and can contain millions of nucleot"
"70";"The animal most known for its ability to mimic human speech is the parrot. Parrots, particularly species like the African Grey Parrot and the Budgerigar, have a strong capacity for mimicking sounds, including human language. Their vocal imitation skills are due to their complex vocal organs and strong social learning abilities."
"574";"The largest species of bear is the Kodiak bear (Ursus arctos middendorffi), which is a subspecies of the brown bear. Kodiak bears are found on the Kodiak Archipelago in Alaska. Males can weigh up to 1,500 pounds (680 kilograms) and stand over 10 feet (3 meters) tall when on their hind legs, making them the"
"132";"The smallest species of penguin is the Little Blue Penguin, also known as the Fairy Penguin. It stands about 10 to 12 inches tall (approximately 25 to 30 centimeters) and weighs around 2.2 pounds (about 1 kilogram). These penguins are native to the coastlines of southern Australia and New Zealand."
"270";"The animal known for its ability to produce venomous spines is the lionfish. Lionfish have venomous spines along their dorsal, pelvic, and anal fins, which they use as a defense mechanism against predators. Their venom can cause pain, swelling, and sometimes more severe reactions in humans."
"1847";"The ethics of genetically engineering human embryos is a complex and controversial subject, with arguments on both sides of the debate. Here are some key points to consider:

### Arguments in Favor:

1. **Medical Benefits**: 
   - **Disease Prevention**: Genetic engineering could potentially eliminate genetic disorders and improve overall human health.
   - **Reducing Suffering**: By preventing severe genetic diseases, this"
"2229";"The composer of the opera ""Rigoletto"" is Giuseppe Verdi."
"901";"Exothermic and endothermic reactions are two types of chemical reactions that differ in the way they transfer energy with their surroundings. Here are the key differences:

1. **Energy Transfer**:
   - **Exothermic Reaction**: This type of reaction releases energy into the surroundings, usually in the form of heat. As a result, the temperature of the surroundings increases.
   - **End"
"1842";"The ethics of genetically modifying crops is a complex and nuanced issue that involves several considerations. Here are some of the key points often discussed:

1. **Food Security and Benefits**: Proponents argue that genetically modified (GM) crops can significantly enhance food security by increasing yields, improving resistance to pests and diseases, and enabling crops to withstand environmental stresses like drought. This can be particularly beneficial in regions facing"
"58";"The animal with the most legs is the millipede known as *Eumillipes persephone*, which was discovered in Australia in 2021. It has up to 1,306 legs, the most of any known animal. Prior to its discovery, the record was held by another millipede species, *Illacme plenipes*, which has up to 750 legs."
"45";"The animal that can hold its breath the longest is the Cuvier's beaked whale. It is known to dive for extended periods, with the longest recorded dive lasting over 3 hours and 42 minutes. These deep-diving mammals are specially adapted to survive long periods without breathing while they hunt for squid and other prey at significant ocean depths."
"2814";"The country located on the Horn of Africa that is famous for its ancient ruins is Ethiopia. Among its notable historical sites is the town of Lalibela, known for its rock-hewn churches, and Aksum, which is renowned for its archaeological sites dating back to the Aksumite Empire."
"502";"The largest species of bear is the polar bear (Ursus maritimus). Adult male polar bears can weigh between 900 to 1,500 pounds (about 410 to 680 kilograms) and can stand up to 8 to 10 feet (about 2.4 to 3 meters) tall when on their hind legs. Kodiak bears, a subspecies of the brown"
"3360";"Sure, here's a light-hearted joke for you:

Why don’t scientists trust atoms?

Because they make up everything!"
"59";"The most venomous fish is generally considered to be the stonefish. Stonefish have extremely potent venom in their dorsal fin spines, which they use as a defense mechanism. They are often found in the coastal regions of the Indo-Pacific and are well-camouflaged to blend in with their surroundings, resembling rocks or coral. This camouflaging helps them ambush prey but also makes them a"
"2146";"The leadership of the Soviet Union during the Cold War changed several times as the period spanned from the end of World War II in 1945 through the dissolution of the Soviet Union in 1991. The primary leaders during this time were:

1. Joseph Stalin (1945-1953) - He led the Soviet Union at the start of the Cold War until his death in 1953"
"515";"The animal known for its ability to produce venom that affects the nervous system and causes paralysis is the **box jellyfish**. Box jellyfish are highly venomous and their tentacles contain toxins that can cause severe pain, paralysis, and sometimes even death in humans. Another example of an animal with similar abilities is the **cone snail**, which also produces a potent venom that can cause paralysis by attacking the"
"1074";"A competitive inhibitor and a noncompetitive inhibitor are both types of enzyme inhibitors, but they differ in how they interact with the enzyme and impact its function:

1. **Competitive Inhibitor:**
   - **Binding Site:** A competitive inhibitor binds to the active site of an enzyme, which is the same site where the substrate would normally bind.
   - **Mechanism of Inhibition:** By occupying"
"167";"The smallest species of penguin is the Little Blue Penguin, also known as the Fairy Penguin. These penguins stand about 30 to 33 centimeters (roughly 12 to 13 inches) tall and weigh around 1 kilogram (about 2.2 pounds). They are native to the coastal areas of southern Australia and New Zealand."
"869";"Laminar and turbulent flow are two different types of fluid flow characterized by their distinct motion patterns and behavior:

1. **Laminar Flow**:
   - **Orderly Motion**: In laminar flow, the fluid moves in parallel layers, with minimal disruption between them, much like sliding layers of a deck of cards.
   - **Velocity Profile**: The velocity of the fluid is highest at"
"1840";"The ethics of using CRISPR to edit the genes of non-human animals is a complex and nuanced issue that involves various considerations. Here are some key points to consider:

1. **Animal Welfare**: One of the primary ethical considerations is the welfare of the animals involved. Gene editing should be conducted in a way that minimizes harm and suffering. It is important to evaluate whether the potential benefits to humans"
"269";"The smallest species of deer is the northern pudu. Native to the Andes mountains in South America, northern pudus are known for their diminutive size, with adults standing only about 12 to 16 inches tall at the shoulder and weighing between 15 to 30 pounds. They are characterized by their compact bodies, short legs, and relatively short antlers."
"1075";"Chaperone proteins play a crucial role in assisting the proper folding of other proteins within the cell. Their primary function is to ensure that newly synthesized polypeptide chains achieve their correct three-dimensional structure, which is essential for their biological activity and function. Here are some key functions and mechanisms through which chaperone proteins facilitate protein folding:

1. **Preventing Aggregation**: Chaperones bind"
"56";"The animal known to have the longest migration is the Arctic Tern (*Sterna paradisaea*). Arctic Terns migrate annually from their breeding grounds in the Arctic to their wintering grounds in the Antarctic and back, covering an average round-trip distance of about 70,000 kilometers (43,500 miles). This incredible journey allows them to experience two summers each year, maximizing the amount of daylight"
"1071";"Adenosine triphosphate (ATP) serves as the primary energy currency in cellular metabolism. Its main function is to store and provide energy for various biochemical processes within the cell. Here are some specific roles of ATP in cellular metabolism:

1. **Energy Transfer**: ATP is used to transfer energy from the breakdown of food molecules to various energy-requiring processes in the cell.

2."
"1845";"The ethics of conducting experiments on human embryos is a highly complex and debated topic, with perspectives often influenced by scientific, ethical, philosophical, religious, and cultural considerations. Here are some key aspects of this debate:

1. **Scientific and Medical Benefits**: Proponents argue that research on human embryos can lead to significant medical advancements, such as understanding early human development, genetic diseases, and contributing to regenerative"
"320";"The smallest species of seahorse is the pygmy seahorse, specifically *Hippocampus denise*. These tiny creatures can grow to be as small as 1.4 centimeters (about 0.55 inches) in length. They are known for their ability to camouflage perfectly with their surroundings, often living on soft corals and gorgonian sea fans in the Indo-Pacific region"
"3411";"Certainly! Here's a light-hearted comedic story:

---

There once was a small-town barber named Larry, who prided himself on being the fastest clipper in the county. He had a steady stream of clients, not so much for the quality of the haircut, but for the entertainment value of the experience. You see, Larry fancied himself a bit of a comedian, always with a joke ready for"
"1068";"Ribosomes play a crucial role in the process of protein synthesis, also known as translation. They serve as the molecular machinery that facilitates the assembly of amino acids into proteins, following the instructions encoded in messenger RNA (mRNA). Here's how ribosomes contribute to protein synthesis:

1. **mRNA Binding**: Ribosomes bind to mRNA molecules, which carry genetic information transcribed from DNA."
"1164";"A fission reactor, often called a nuclear reactor, is a device used to initiate and control a sustained nuclear fission chain reaction. Nuclear fission involves the splitting of heavy atomic nuclei, such as Uranium-235 or Plutonium-239, into lighter nuclei, releasing a significant amount of energy in the form of heat. This heat is typically used to produce steam, which drives turbines connected"
"3728";"The Lyman-alpha forest refers to a series of absorption lines in the spectra of distant quasars and galaxies, caused by the intervening intergalactic medium (IGM). These lines occur due to the absorption of ultraviolet light by neutral hydrogen atoms in the IGM. When the light from a quasar passes through the IGM on its way to Earth, it encounters hydrogen gas clouds at different red"
"97";"The animal known for having the most powerful kick is the ostrich. Ostriches can deliver kicks with incredible force, capable of deterring predators such as lions. Their powerful legs, adapted for running at high speeds, also enable them to kick with great strength, making them one of the most formidable animals in the animal kingdom when it comes to kicking power."
"1055";"Acids and bases are two fundamental categories of chemical substances with distinct properties, and their differences can be understood in terms of definitions, properties, and reactions:

1. **Definitions:**
   - **Arrhenius Definition:**
     - **Acid:** A substance that increases the concentration of hydrogen ions (H⁺) in aqueous solution.
     - **Base:** A substance that increases the"
"3253";"The Simon Commission had a significant impact on the Indian freedom movement, primarily because it heightened nationalistic sentiments and unified various factions within the Indian political landscape against a common adversary. Here are some key points regarding its impact:

1. **Exclusion of Indians**: The Simon Commission, officially known as the Indian Statutory Commission, was established by the British government in 1927 to assess the"
"1504";"A router is a networking device that forwards data packets between computer networks, essentially directing traffic on the internet. It connects multiple networks, managing the flow of data between them, and ensuring that data packets are delivered to their correct destination. Routers operate at the network layer (Layer 3) of the OSI model and use IP addresses to determine the best path for data to travel.

Key functions of"
"1064";"The electron transport chain (ETC) is a crucial component of cellular respiration, serving primarily to generate adenosine triphosphate (ATP), the main energy currency of the cell. It is located in the inner mitochondrial membrane in eukaryotic cells and the plasma membrane of prokaryotic cells. Here's how it functions:

1. **Electron Transfer**: The ETC comprises a series"
"1096";"Histone proteins play a crucial role in the structure and function of chromatin in eukaryotic cells. Their primary function is to package and organize DNA into a compact, structured form, allowing it to fit within the confines of the cell nucleus. Here are the key roles of histone proteins in chromatin structure:

1. **DNA Packaging**: Histones act as spools around which DNA"
"3830";"Biophysics plays a crucial role in the development of new drug delivery systems by providing a deeper understanding of the physical principles underlying biological processes and interactions. Here are several key aspects of how biophysics contributes to this field:

1. **Molecular Dynamics and Interactions**: Biophysics employs techniques like molecular dynamics simulations to study how drugs interact at the molecular level with their targets (e.g"
"3848";"The difference between a conductor and a semiconductor primarily lies in their ability to conduct electricity and their conductivity properties under different conditions. Here are some of the key differences:

1. **Electrical Conductivity**:
   - **Conductors** have high electrical conductivity. This means they have a large number of free electrons that can move easily through the material, allowing electrical current to flow with minimal resistance. Common examples"
"2213";"The first female Prime Minister of the United Kingdom was Margaret Thatcher. She served from May 4, 1979, to November 28, 1990."
"2111";"The co-founders of Microsoft are Bill Gates and Paul Allen."
"2181";"The author of ""The Catcher in the Rye"" is J.D. Salinger."
"2150";"The artist who painted ""The Scream"" is Edvard Munch. This iconic work was created in 1893."
"3382";"Sure, here's a classic one for you:

Why don't skeletons fight each other?

They don't have the guts!"
"4030";"Jute fiber is primarily obtained from the plants Corchorus olitorius and Corchorus capsularis. These two species are the main sources of jute fiber, which is a natural fiber used extensively for making ropes, bags, and various types of textiles."
"55";"Determining the most intelligent non-human animal can be complex because intelligence can be defined and measured in various ways, such as problem-solving ability, social intelligence, communication skills, and tool use. However, some animals are widely recognized for their high levels of intelligence:

1. **Great Apes (Chimpanzees, Bonobos, Gorillas, and Orangutans):** These animals share a considerable"
"4122";"Eucalyptus oil is made from the leaves of the eucalyptus plant, specifically from species like Eucalyptus globulus, also known as the blue gum tree."
"4065";"The state flower of Florida is the Orange Blossom."
"4043";"The national flower of Australia is the Golden Wattle (Acacia pycnantha)."
"3397";"Sure, here's a classic one for you:

Why don’t scientists trust atoms?

Because they make up everything!"
"4091";"The state flower of Michigan is the Apple Blossom."
"4027";"The state flower of Hawaii is the yellow hibiscus, known locally as the ""pua aloalo"" or ""Hibiscus brackenridgei."""
"4188";"The white lily is often associated with purity and is commonly used in wedding ceremonies. It symbolizes purity, virtue, and commitment, making it a popular choice for bridal bouquets and wedding decor."
"4170";"In the context of romantic relationships, the violet is often associated with loyalty and devotion. Additionally, the blue iris and forget-me-not are also symbols of faithfulness and lasting affection."
"4121";"The primary ingredient in cinnamon, from a chemical perspective, is cinnamaldehyde. This organic compound is responsible for cinnamon's distinctive aroma and flavor. Cinnamaldehyde is found in the bark of cinnamon trees, which is harvested and dried to produce the spice."
"4171";"The daffodil is considered a symbol of rebirth and is often associated with springtime. These bright yellow flowers are one of the first to bloom as the weather warms, signifying the end of winter and the beginning of a new season."
"4186";"The flower commonly associated with hope is the daffodil. Often used in uplifting bouquets, daffodils are bright and cheerful flowers that symbolize new beginnings and positivity."
"505";"The animal known for its ability to camouflage itself by blending with the snow is the Arctic fox. During the winter months, its fur turns white, allowing it to blend seamlessly with the snowy environment, which helps it avoid predators and sneak up on prey."
"3343";"Why did the scarecrow win an award? Because he was outstanding in his field!"
"1487";"A router is a networking device that forwards data packets between computer networks. It serves two primary functions:

1. **Connecting Networks**: Routers connect multiple networks together. Most commonly, they link a local network to the internet. For example, in a home setting, a router connects devices like laptops, smartphones, and smart TVs to the internet.

2. **Routing Information**: Routers determine"
"3340";"Sure, here's a classic one for you:

Why don't scientists trust atoms?

Because they make up everything!"
"52";"The animal with the longest known lifespan is the ocean quahog clam (*Arctica islandica*), which can live for over 400 years. The oldest known individual, named Ming, was estimated to be 507 years old. However, among vertebrates, the Greenland shark (*Somniosus microcephalus*) is known to have a very long lifespan, potentially living over 400 years"
"4175";"The flower commonly associated with perseverance and often given to someone facing challenges is the gladiolus. Known for its tall stalks and vibrant blooms, the gladiolus symbolizes strength of character, honor, and perseverance. It is often given as a gesture of encouragement and support."
"2162";"The artist who painted ""Starry Night"" is Vincent van Gogh."
"4190";"The marigold is a flower often associated with celebration and is frequently used in festive decorations. It is especially popular in events like Diwali in India and the Day of the Dead in Mexico, where it is used for its vibrant colors and symbolic meanings. Other flowers commonly associated with celebration and used in decorations include roses, lilies, and chrysanthemums, depending on the cultural context."
"4191";"The lotus flower is commonly associated with tranquility and is often used in meditation practices. It symbolizes purity, enlightenment, and rebirth in various spiritual and religious traditions, particularly in Buddhism and Hinduism. The lotus is admired for its ability to grow beautifully in muddy waters, representing the ability to rise above life's challenges."
"4199";"The iris is a flower often associated with creativity and inspiration. Its intricate and colorful blooms make it a popular choice in floral arrangements aimed at fostering artistic inspiration. The iris is also historically linked to the Greek goddess Iris, who was considered a messenger and a symbol of communication, further emphasizing its connection to creative expression."
"3338";"Sure, here's one for you:

Why don't scientists trust atoms?

Because they make up everything!"
"3348";"Why don't skeletons fight each other? They don't have the guts!"
"4032";"The snake plant, also known as Sansevieria or mother-in-law's tongue, is well-known for its air-purifying properties. According to NASA's Clean Air Study, snake plants can help remove toxins such as formaldehyde, benzene, and trichloroethylene from the air. Another popular plant for air purification is the peace lily, which can also help eliminate various pollutants"
"1059";"Insulin is a hormone produced by the beta cells of the pancreas, and it plays a critical role in regulating blood glucose levels and metabolism. Here are the primary functions of insulin in the body:

1. **Facilitating Glucose Uptake:** Insulin helps cells (especially muscle and fat cells) absorb glucose from the bloodstream, which they use for energy. This process lowers blood glucose levels.

"
"2830";"The country located in the southernmost part of South America, known for its glaciers and national parks, is Chile. The region of Patagonia, which is shared by Chile and Argentina, is particularly famous for its stunning natural landscapes, including Torres del Paine National Park in Chile."
"2376";"The director of ""Schindler's List"" is Steven Spielberg."
"4165";"The flower known for its healing properties and commonly used in herbal remedies is the calendula, also known as marigold (Calendula officinalis). It is often used for its anti-inflammatory, antiseptic, and healing benefits. Calendula is frequently found in creams, ointments, and teas, and is used to treat skin conditions, minor wounds, and to promote overall skin health."
"2223";"The first female astronaut to travel into space was Valentina Tereshkova from the Soviet Union. She flew aboard Vostok 6 on June 16, 1963."
"4224";"The tree known for its vibrant purple flowers and as a symbol of spirituality and transformation is the Jacaranda. This tree is native to tropical and subtropical regions of Central and South America and is especially popular for its stunning purple-blue blooms that create a striking visual display. In addition to its beauty, the jacaranda tree is often associated with metaphysical meanings of wisdom, rebirth, and resilience"
"4195";"The flower often associated with enchantment and frequently mentioned in fairy tales is the *bluebell*. Bluebells are commonly linked to mythical and magical themes, often found in woodland settings where their lush, blue carpets transform the landscape into something reminiscent of otherworldly realms. Their delicate beauty and mystical connotations make them a popular motif in folklore and fairy tales."
"2804";"The country located on the southern tip of Africa is South Africa."
"1090";"Chaperone proteins play a vital role in the process of protein folding. Their primary function is to assist other proteins in achieving their correct three-dimensional structure, which is essential for their proper function. Here are some of the key functions of chaperone proteins in protein folding:

1. **Prevention of Misfolding:** Chaperones help prevent newly synthesized polypeptides and partially folded proteins from"
"1835";"The question of whether autonomous weapons should be used in warfare is a complex and highly debated topic, with arguments on both sides.

### Arguments For Using Autonomous Weapons:

1. **Reduced Human Casualties:** 
   - Proponents argue that autonomous weapons can perform dangerous missions, potentially saving the lives of soldiers.
   
2. **Efficiency and Precision:**
   - Autonomous systems can process information and react faster"
"1076";"Amino acids, the building blocks of proteins, can be classified based on the properties of their side chains (R groups). Two important categories in this context are polar amino acids and charged amino acids. Here's how they differ:

1. **Polar Amino Acids**:
   - **Side Chain Properties**: Polar amino acids have side chains that can form hydrogen bonds. These side chains are not"
"420";"The smallest species of bat is the bumblebee bat, also known as Kitti's hog-nosed bat (Craseonycteris thonglongyai). It is considered the world's smallest mammal by weight and size, with a wingspan of about 5.7 inches (14.5 cm) and a weight of approximately 2 grams. This tiny bat is found in parts of Thailand"
"4137";"The plant most commonly associated with Thanksgiving and often used as a decorative centerpiece is the cornucopia, also known as the ""horn of plenty."" While the cornucopia itself is a symbol rather than a specific plant, it is typically filled with autumnal fruits, vegetables, and grains such as pumpkins, gourds, corn, wheat, and other seasonal produce. These items represent abundance and a b"
"873";"Viscosity and density are two distinct properties of materials that describe different characteristics:

1. **Viscosity**:
   - Viscosity is a measure of a fluid's resistance to flow. It describes how thick or thin a fluid is. A fluid with high viscosity, like honey, flows slowly, whereas a fluid with low viscosity, like water, flows quickly.
   - Viscosity"
"40";"The heaviest bird in the world is the Common Ostrich (*Struthio camelus*). Male ostriches can weigh as much as 156 kilograms (about 344 pounds) and stand up to 2.8 meters (about 9 feet) tall, making them not only the heaviest but also among the tallest birds in the world."
"1014";"A carbocation is an ion in organic chemistry that contains a positively charged carbon atom. This positive charge arises when a molecule loses a leaving group and the carbon atom that was bonded to the leaving group retains the electron deficiency. Carbocations are typically represented by a carbon atom with only three covalent bonds instead of the usual four, leading to a sextet of electrons which makes them electron-deficient and highly"
"282";"The largest species of butterfly in the world is the Queen Alexandra's birdwing (Ornithoptera alexandrae). Native to the rainforests of Papua New Guinea, females of this species have a wingspan that can reach up to 11 inches (about 28 centimeters), making them the largest butterflies globally. The species is named in honor of Queen Alexandra, the wife of King Edward VII"
"455";"The largest species of octopus is the giant Pacific octopus (*Enteroctopus dofleini*). This species is known for its impressive size, with some individuals weighing over 150 pounds (around 68 kilograms) and having an arm span of up to 20 feet (approximately 6 meters). They are typically found in the North Pacific Ocean, particularly along the coasts of Japan, Russia"
"3015";"Chandragupta Maurya is the Indian king known for his military conquests and the establishment of the Maurya Empire. He founded the empire in the late 4th century BCE, and under his leadership, it became one of the largest empires in ancient India. Chandragupta's reign was marked by significant expansion through warfare and diplomacy, which laid the foundation for one of the most"
"4247";"The tree commonly associated with the Christmas season and often adorned with decorations and lights is the Christmas tree, typically an evergreen such as a fir, spruce, or pine."
"4202";"The lotus flower is often associated with purity and is frequently used in religious ceremonies, especially in Hinduism and Buddhism. In these traditions, the lotus symbolizes purity, enlightenment, and spiritual awakening, as it rises untainted from muddy waters. Another flower commonly linked with purity is the white lily, which is often used in Christian ceremonies to symbolize purity and the Virgin Mary."
"1117";"ATP, or adenosine triphosphate, plays a crucial role in cellular metabolism as the primary energy currency of the cell. Its main functions include:

1. **Energy Transfer:** ATP stores and provides energy needed for various cellular processes. The energy is released when ATP is hydrolyzed to ADP (adenosine diphosphate) and an inorganic phosphate (Pi), which can"
"3797";"Biophysics plays a crucial role in drug development by applying the principles of physics and biology to understand the molecular mechanisms of drug action and to aid in the design and optimization of new therapeutics. Here are some of the key roles that biophysics plays in this field:

1. **Molecular Characterization:** Biophysics enables detailed characterization of biological molecules, such as proteins and nucleic acids"
"1069";"Saturated and unsaturated fatty acids differ primarily in their chemical structure and the presence of double bonds between carbon atoms, which influence their physical properties and effects on health.

1. **Chemical Structure:**
   - **Saturated Fatty Acids:** These have no double bonds between the carbon atoms in their hydrocarbon chains. All carbons are saturated with hydrogen atoms, meaning they are fully filled with"
"1475";"A motherboard is the main printed circuit board (PCB) in a computer or other electronic device. It serves as the central platform that connects and allows communication between all the various components of the system. Key components typically include the central processing unit (CPU), memory (RAM), storage interfaces, input/output ports, and expansion slots for additional hardware like graphics cards and sound cards. The motherboard also supplies power to"
"51";"The animal with some of the best night vision capabilities is the owl. Owls have large eyes relative to their body size, which allows them to gather more light. Their eyes have a high number of rod cells, which are sensitive to low light levels, and a reflective layer behind the retina called the tapetum lucidum, which also enhances their night vision. This combination allows owls to see"
"1061";"DNA polymerase is a critical enzyme in the process of DNA replication. Its primary function is to synthesize new strands of DNA complementary to the original template strands. During DNA replication, DNA polymerase adds nucleotides to the growing DNA strand in a sequence-specific manner, using the existing template strand as a guide. Here are the key functions of DNA polymerase in DNA replication:

1. **Poly"
"1879";"The ethics of politicians making false promises during elections, whether in India or elsewhere, can be analyzed from several perspectives. 

1. **Trust and Integrity**: Politicians are expected to be trustworthy and honest. Making false promises can undermine public trust in the political system, erode democratic values, and harm the politician's credibility.

2. **Impact on Democracy**: Elections are a cornerstone of democratic"
"4568";"Building self-confidence and self-esteem is a gradual process that involves intentional actions and mindset shifts. Here are some strategies you might find helpful:

1. **Self-Awareness**:
   - Identify your strengths and weaknesses. Recognizing what you’re good at can boost your confidence, while understanding your areas for improvement can guide your personal growth.

2. **Positive Self-Talk**:
   - Replace"
"1070";"A nucleotide is the basic structural unit of nucleic acids such as DNA and RNA. It consists of three main components:

1. **Nitrogenous Base**: There are two categories of nitrogenous bases:
   - **Purines**: Adenine (A) and Guanine (G)
   - **Pyrimidines**: Cytosine (C), Thymine (T"
"336";"The animal known for its ability to glide through the air is the flying squirrel. Flying squirrels have a specialized membrane called a patagium that extends from their wrists to their ankles, allowing them to glide between trees. While they can't actually fly like birds or bats, these gliding mammals can cover significant distances through the air to escape predators and reach food sources. Other animals with similar gliding abilities include"
"409";"The smallest species of monkey is the pygmy marmoset (Cebuella pygmaea). These tiny primates are native to the rainforests of the Amazon Basin in South America. Adult pygmy marmosets typically weigh around 100 grams (about 3.5 ounces) and measure about 12 to 16 centimeters (4.7 to 6.3 inches) in"
"1506";"In various contexts, the term ""client"" can have different meanings:

1. **Business and Commerce**: A client is an individual or organization that purchases goods or services from a company. In this context, a client is a customer who maintains a professional or business relationship, often for the provision of ongoing services such as consulting, legal advice, or financial management.

2. **Computing and Networking"
"3721";"The interstellar medium (ISM) refers to the matter and radiation that exists in the space between the star systems within a galaxy. It is composed of gas (both ionized and neutral), dust, and cosmic rays, and it plays a critical role in the lifecycle of stars and galaxies. The gas primarily consists of hydrogen and helium, with trace amounts of other elements. The dust particles are composed of"
"4611";"Leaving a pot of boiling water unattended on the stove is generally not considered safe. Here are a few reasons why:

1. **Spillover and Boil Over:** The water could boil over, leading to spills that can extinguish gas flames (causing gas leaks) or cause electric burners to short circuit.

2. **Fire Hazard:** If the pot boils dry, the heat can cause the"
"1995";"The author of ""The Chronicles of Narnia"" is C. S. Lewis."
"3790";"Biophysicists use a variety of techniques to study the function of ion channels, which are crucial proteins that allow ions to pass through cell membranes, influencing electrical signaling and other cellular processes. Here are some of the main approaches they employ:

1. **Electrophysiology**: 
   - **Patch-Clamp Technique**: This powerful technique measures the current flow through individual ion channels by"
"3737";"Cosmic inflation is a theoretical concept in cosmology that describes a period of rapid exponential expansion of the universe that is believed to have occurred very shortly after the Big Bang, approximately \(10^{-36}\) to \(10^{-32}\) seconds after. The theory was proposed by physicist Alan Guth in 1980 to address several problems in the standard Big Bang cosmology, such as the horizon"
"932";"An enol is a type of organic compound characterized by the presence of a hydroxyl group (\(-OH\)) directly bonded to a carbon atom that is part of a carbon-carbon double bond. The term ""enol"" is derived from the combination of ""ene"" (referring to the alkene, or double bond) and ""ol"" (referring to the alcohol group).

The general"
"2416";"The author of ""1984"" is George Orwell."
"2044";"The original UK version of ""The Office"" was created by Ricky Gervais and Stephen Merchant. The American adaptation was developed by Greg Daniels, based on the original UK series."
"3659";"A quark is a fundamental particle and a constituent of matter. It is one of the building blocks of protons and neutrons, which in turn are components of atomic nuclei. Quarks are elementary particles, meaning they are not composed of smaller particles, to the best of current scientific understanding.

Quarks come in six ""flavors"": up, down, charm, strange, top, and bottom"
"4565";"Effective communication in the workplace is crucial for productivity, collaboration, and a positive work environment. Here are some strategies to enhance communication:

1. **Active Listening**: Pay attention to what others are saying without interrupting. Show that you’re engaged through nodding, eye contact, and feedback.

2. **Clarity and Conciseness**: Be clear and straight to the point to avoid misunderstand"
"3217";"The Rowlatt Act of 1919 had a significant impact on the Indian freedom movement, acting as a catalyst for widespread protest and resistance against British colonial rule. Officially known as the Anarchical and Revolutionary Crimes Act of 1919, it was an extension of wartime emergency measures meant to control public unrest during and after World War I. It granted the British colonial government in India the power"
"3664";"The Standard Model of particle physics is a theoretical framework that describes the fundamental particles and their interactions, excluding gravity. It is a well-tested and widely accepted theory that provides a comprehensive understanding of the electromagnetic, weak, and strong nuclear forces, which are three of the four known fundamental forces in the universe.

The Standard Model classifies all known subatomic particles into two categories: fermions and bosons."
"4841";"A social robot is a type of robot designed to interact with humans in a way that mimics human social interaction. These robots are typically equipped with artificial intelligence systems that enable them to understand and respond to social cues like voice, facial expressions, and body language. Social robots can engage in conversation, provide companionship, assist with tasks, and even perform roles such as teaching or caregiving.

Social robots are"
"3697";"The interstellar medium (ISM) is the matter and energy that exists in the space between the stars within a galaxy. It is composed mainly of hydrogen and helium, along with trace amounts of heavier elements and dust. The ISM exists in various phases, ranging from hot, ionized gas (often called plasma) to cold molecular clouds. These different phases are determined by factors such as temperature, density"
"4836";"A computer vision system in a robot is a technology that enables the robot to perceive and interpret visual information from the surrounding environment. It is a key component for tasks such as navigation, object recognition, manipulation, and interaction with humans or other objects. Here are some key elements and functions of a computer vision system in a robot:

1. **Cameras and Sensors**: The system typically includes one or"
"4561";"Building positive relationships with others involves several key strategies that emphasize communication, understanding, and mutual respect. Here are some effective approaches:

1. **Active Listening**: Show genuine interest in what others have to say by paying full attention, asking questions, and responding appropriately. Avoid interrupting and focus on understanding their perspective.

2. **Effective Communication**: Be clear, honest, and respectful in your communication"
"4847";"A servo motor is a type of motor used in robotics and other applications that require precise control of angular or linear position, velocity, and acceleration. They are a key component in robotic systems due to their ability to provide precise motion control.

### Characteristics of Servo Motors:

1. **Feedback Mechanism:**
   Servo motors are equipped with feedback mechanisms, typically encoders or potentiometers, which provide position"
"4558";"Improving problem-solving skills is essential for both personal and professional growth. Here are several strategies that can help:

1. **Understand the Problem**: Clearly define the problem before jumping into solutions. Break it down into smaller parts if necessary, and ensure that you completely understand the issue you're dealing with.

2. **Research and Gather Information**: Collect relevant data and information that might help you in understanding"
"1773";"The ethics of using unmanned aerial vehicles (UAVs), or drones, for military purposes is a highly debated topic with arguments on both sides. Here are some key considerations:

### Arguments for the Ethical Use of Drones:

1. **Reduced Risk to Human Soldiers**: Drones reduce the need for human pilots in combat situations, thereby minimizing the risk to military personnel.

2. **Precision"
"4846";"Sensors play a crucial role in robotics by providing robots with the ability to perceive and interact with their environment in a meaningful way. Here are some key roles that sensors play in robotics:

1. **Perception**: Sensors help robots gather data about their surroundings. Through vision sensors like cameras, robots can detect objects, recognize patterns, and interpret visual information. Sound sensors allow robots to pick up audio cues"
"1777";"The use of artificial intelligence in hiring and firing decisions raises several ethical considerations. Here are some key points to consider:

1. **Bias and Discrimination**: AI systems can potentially perpetuate or even exacerbate existing biases present in historical data. If the data used to train the AI contains biases based on race, gender, age, or other factors, the AI might learn and replicate these biases,"
"1466";"A cache is a hardware or software component that stores data so that future requests for that data can be served faster. The data stored in a cache might be the result of an earlier computation or a copy of data stored elsewhere. Caches are used to improve the efficiency by temporarily storing frequently accessed or recently accessed data in a location that can be quickly accessed, reducing the time needed to retrieve the data.

"
"1938";"The ethics of political conduct, including the making of promises during election campaigns, is a subject of significant debate. While the context here is India, these principles are broadly applicable to many democratic systems. Here are a few considerations:

1. **Honesty and Trust:** A fundamental principle of ethics is honesty. Making false promises can erode trust between politicians and the public. Voters rely on these promises"
"4560";"Improving creativity and innovation can be vital for personal growth, business success, and problem-solving. Here are several strategies to enhance these skills:

1. **Cultivate a Growth Mindset**: Encourage a mindset that sees challenges as opportunities for growth. Embrace failure as a part of the learning process and remain open to new experiences.

2. **Create a Stimulating Environment**: Surround yourself with"
"1003";"In organic chemistry, ""cis"" and ""trans"" are terms used to describe the geometric isomerism of certain compounds, particularly alkenes and cycloalkanes. These isomers have the same molecular formula and connectivity of atoms but differ in the spatial arrangement of atoms or groups around a reference point or axis.

1. **Cis Isomer:**
   - In a cis isomer"
"4567";"Effective teamwork and collaboration are essential for achieving common goals efficiently. Here are some strategies to enhance these aspects:

1. **Clear Communication**: Maintain open lines of communication, ensuring team members can easily share ideas, updates, and feedback. Utilize tools like Slack, Microsoft Teams, or email for seamless communication.

2. **Define Roles and Responsibilities**: Clearly outline each team member’s roles and responsibilities to"
"4852";"The terms ""robot"" and ""android"" are often used interchangeably but have distinct meanings. Here are the key differences:

1. **Definition**:
   - **Robot**: A robot is a machine capable of carrying out a complex series of actions automatically, especially one programmable by a computer. Robots can be designed for a wide variety of tasks, from industrial automation to entertainment.
   - **"
"1766";"The ethics of using animals in zoos and aquariums for entertainment is a complex and often contentious issue. Perspectives on this topic can vary widely, and they are informed by considerations of animal welfare, conservation, education, and cultural values. Here are some points to consider on both sides of the debate:

### Arguments Against Using Animals for Entertainment:

1. **Animal Welfare Concerns:**
   -"
"4859";"A mobile robot is a type of automatic machine that is capable of moving in a physical environment. Unlike stationary robots, which are fixed in one position and limited to working within that fixed space, mobile robots can travel and operate in a variety of settings, making them more versatile for certain applications. Mobile robots can be autonomous, semi-autonomous, or remotely controlled, and they can navigate using wheels, tracks"
"3660";"The strong nuclear force, also known simply as the strong force or the strong interaction, is one of the four fundamental forces of nature, alongside gravity, electromagnetism, and the weak nuclear force. It is the force responsible for holding the atomic nucleus together, overcoming the electromagnetic repulsion between the positively charged protons within the nucleus.

Here are some key characteristics of the strong nuclear force:

1."
"3206";"The Poona Pact, signed on September 24, 1932, was a significant event in the Indian freedom movement as it addressed the contentious issue of electoral representation for the ""Depressed Classes,"" now referred to as Scheduled Castes (SC), in colonial India. Its significance can be understood in several contexts:

1. **Avoidance of Division**: The Poona Pact helped avert a potential"
"3701";"Dark energy is a term used in cosmology to describe a mysterious form of energy that is thought to be responsible for the accelerated expansion of the universe. It makes up about 68% of the universe's total energy content, yet its exact nature is still not well understood.  

The concept of dark energy arises from observations in the late 20th century, such as those of distant Type Ia super"
"3996";"The tallest known tree in the world is a coast redwood (Sequoia sempervirens) named Hyperion. As of its last measurement, Hyperion stands at a height of approximately 379.7 feet (115.7 meters). It was discovered in a remote area of California's Redwood National Park in 2006. The exact location of Hyperion is kept secret to protect the tree"
"4716";"Architects design and construct buildings and other physical structures through a systematic process that involves creativity, technical knowledge, and collaboration with various stakeholders. Here are the key steps involved in architectural design and construction, and the impact these processes can have on the built environment and urban development:

### Design and Construction Process

1. **Conceptualization and Planning**: 
   - **Requirements Gathering**: Architects begin"
"4850";"A collaborative robot, often referred to as a cobot, is a type of robot designed to work alongside humans in a shared workspace. Unlike traditional industrial robots that operate in isolation from human workers for safety reasons, cobots are equipped with advanced sensors and software that allow them to interact safely and effectively with humans.

Key characteristics of collaborative robots include:

1. **Safety Features**: Cobots are designed"
"5143";"Penicillin was discovered by Alexander Fleming in 1928. While working at St. Mary's Hospital in London, Fleming observed that a mold called Penicillium notatum produced a substance that killed a variety of bacteria. This discovery marked the beginning of modern antibiotics."
"4557";"When faced with multiple options, it can be challenging to make a decision. Here are several strategies that might help:

1. **Clarify Your Goals:** Start by identifying what you want to achieve. Understanding your goals can help you prioritize options based on how well they align with your objectives.

2. **Gather Information:** Collect as much relevant information as possible for each option. This might include potential outcomes"
"5224";"The theory of relativity, which includes both the special and general theories, was developed by Albert Einstein. Special relativity was introduced in 1905, and the general theory of relativity was published in 1915."
"5284";"The law of gravity was formulated by Sir Isaac Newton in the 17th century. He published this groundbreaking work in his book ""Philosophiæ Naturalis Principia Mathematica,"" often referred to simply as the ""Principia,"" in 1687. Newton's law of universal gravitation described the gravitational attraction between masses and was a key development in physics."
"4159";"The flower often associated with loyalty and used to represent faithfulness in romantic relationships is the iris. In particular, blue irises are commonly linked to these themes."
"4214";"The tree you are referring to is likely the Douglas Fir. It is well-known for its tall, straight trunk and is widely used in construction and the making of furniture due to its strength and workability."
"5453";"The smallest particle of an element is an atom. An atom is the basic unit of an element and retains the chemical properties of that element. It is composed of subatomic particles: protons, neutrons, and electrons."
"4246";"The tree famous for its large, spiky fruit is the durian tree. The fruit is known for its strong odor and is often associated with tropical regions in Southeast Asia."
"4256";"The tree known for its strong, durable wood that is commonly used in the construction of musical instruments is the maple tree. Maple wood, particularly from species like the sugar maple, is highly valued for its density and fine grain, making it ideal for crafting instruments such as violins, cellos, and guitars."
"2534";"The mountain range that runs through the western part of North America is called the Rocky Mountains."
"4408";"The largest mountain range in the world is the Andes. Stretching over about 7,000 kilometers (approximately 4,350 miles) along the western coast of South America, the Andes traverse seven countries: Venezuela, Colombia, Ecuador, Peru, Bolivia, Chile, and Argentina."
"2488";"The largest country in South America by land area is Brazil."
"2646";"The capital of Turkey is Ankara."
"2715";"The sea located between Russia and Alaska is called the Bering Sea."
"4419";"The play ""Hamlet"" was written by William Shakespeare."
"2647";"The sea located between Italy and Greece is called the Ionian Sea."
"4422";"As of October 2023, the Prime Minister of Canada is Justin Trudeau."
"2475";"Microsoft was founded by Bill Gates and Paul Allen in 1975."
"2633";"The sea located between the United States and Mexico is the Gulf of Mexico."
"2375";"The composer of ""Rhapsody in Blue"" is George Gershwin."
"2105";"The lead actor in the movie ""Die Hard"" is Bruce Willis. He plays the role of John McClane."
"2748";"The city that is located on two continents is Istanbul. It spans both Europe and Asia, divided by the Bosporus Strait."
"1939";"Yes, India should adopt renewable energy sources to reduce its dependence on fossil fuels for several compelling reasons:

1. **Environmental Impact**: Fossil fuels are a major source of greenhouse gas emissions, contributing to global warming and climate change. The adoption of renewable energy can significantly reduce carbon emissions and help mitigate environmental degradation.

2. **Energy Security**: India relies heavily on imported fossil fuels, which exposes"
"2740";"The body of water that separates Asia and North America is the Bering Strait."
"2554";"The sea located between the Arabian Peninsula and Iran is called the Persian Gulf."
"2747";"The largest desert in the world is the Antarctic Desert. Deserts are defined by their low precipitation, and the Antarctic Desert, despite being covered in ice, meets this criterion as it receives very little moisture."
"2542";"South Africa has three capital cities, each serving a different purpose. Pretoria is the administrative capital, where the executive branch of the government is located. Cape Town is the legislative capital, home to the country's Parliament. Bloemfontein is the judicial capital, where the Supreme Court of Appeal is situated."
"2061";"The electric car company Tesla was founded by Martin Eberhard and Marc Tarpenning in 2003. Elon Musk joined the company later as an investor and chairman of the board and played a significant role in its development and growth."
"5406";"The concept of the cell was first proposed by the scientist Robert Hooke in 1665. He used a microscope to examine a thin slice of cork and described the structures he saw as ""cells"" because they reminded him of the small rooms, or ""cellula,"" that monks lived in."
"5558";"Designing a logo for a web development company requires a balance of creativity and professionalism. Here’s a concept you might consider:

1. **Symbol/Emblem**:
   - **Imagery**: Incorporate a modern, abstract representation of code or a pixelated design that subtly hints at technology.
   - **Shape**: Use a circular or hexagonal shape which can symbolize connectivity and structure"
"5404";"The process by which plants use sunlight to convert carbon dioxide and water into oxygen and glucose is called photosynthesis. Photosynthesis primarily occurs in the chloroplasts of plant cells, which contain chlorophyll, the green pigment that captures light energy.

The process of photosynthesis can be divided into two main stages:

1. **Light-dependent Reactions (Photoactivation):** These reactions occur in the thyl"
"4273";"There isn't a specific individual tree recognized for producing the most oxygen. However, certain types of trees are generally more efficient at photosynthesis, the process that produces oxygen. Trees such as the Amazon Rainforest's tropical hardwoods, including species like the kapok tree (Ceiba pentandra) and others with large canopies, are highly effective at converting carbon dioxide into oxygen due to their extensive leaf surface"
"5414";"Dr. Jonas Salk is credited with developing the first successful polio vaccine. His vaccine, which was introduced in 1955, was an inactivated (killed) poliovirus vaccine, and it significantly helped reduce the incidence of polio."
"2328";"The invention of the light bulb is attributed to several inventors, but Thomas Edison is most commonly credited due to his development of the first practical and long-lasting light bulb in 1879. However, it is important to acknowledge the contributions of earlier inventors like Sir Humphry Davy, who invented the first electric light in the early 1800s, and Sir Joseph Swan, who independently developed"
"5415";"The type of energy stored in an object due to its position or configuration is called ""potential energy."" This energy is associated with the arrangement of objects within a system. Common examples include gravitational potential energy, which is the energy stored due to an object's position in a gravitational field, and elastic potential energy, which is stored in objects like springs or rubber bands when they are stretched or compressed."
"2831";"The mountain range that runs through the western United States is called the Rocky Mountains."
"1188";"A nuclear winter is a hypothetical climate condition that is thought to potentially follow a large-scale nuclear war. The concept suggests that the widespread detonations of nuclear weapons could ignite massive firestorms that would inject large amounts of soot and smoke into the Earth's stratosphere. This would block or significantly reduce sunlight from reaching the Earth's surface, leading to a drastic drop in temperatures worldwide. 

The consequences of a nuclear"
"1159";"A radiation dose is a measure of the amount of energy deposited by ionizing radiation in a material, typically human tissue. It quantifies the exposure to radiation and helps in assessing potential health risks. There are several ways to measure radiation doses, with a few key concepts and units being:

1. **Absorbed Dose**: This is the amount of energy deposited by radiation in a unit mass of"
"4079";"The state flower of Louisiana is the magnolia blossom."
"5562";"The purpose of financial accounting is to provide relevant financial information to various stakeholders, both internal and external, to help them make informed decisions. Here are some key objectives:

1. **Record-keeping**: Financial accounting systematically records all financial transactions of a business, ensuring accuracy and completeness.

2. **Financial Reporting**: It involves the preparation of financial statements, such as the balance sheet, income statement"
"2049";"The director of the movie ""Jaws"" is Steven Spielberg."
"967";"In organic synthesis, a protecting group is a temporary modification of a reactive functional group to prevent it from undergoing unwanted chemical reactions during a specific sequence of reactions. This strategy is employed when molecules have multiple reactive sites, and selectively reacting with only a specific functional group is desired.

Protecting groups are introduced into molecules to ""mask"" functional groups like alcohols, amines, carbonyls, or acids"
"5498";"The gravitational force on a 1 kg mass near the surface of the Earth can be calculated using the formula:

\[ F = m \cdot g \]

where:
- \( F \) is the force,
- \( m \) is the mass, and
- \( g \) is the acceleration due to gravity.

The standard value for \( g \) near the Earth's surface is approximately"
"3350";"Why did the scarecrow win an award?

Because he was outstanding in his field!"
"4093";"The popular herbal remedy Echinacea is made from plants in the genus Echinacea, which includes several species such as Echinacea purpurea, Echinacea angustifolia, and Echinacea pallida. These plants are commonly known as coneflowers and are used to boost the immune system and help reduce symptoms of colds and other infections."
"3345";"Why don't skeletons fight each other? They don't have the guts!"
"4197";"The lily is often associated with royalty and is frequently used in ceremonial events. Specifically, the white lily, also known as the Madonna lily, symbolizes purity and has a strong connection with regality and elegance. Another flower often associated with royalty is the iris, particularly because of its connections to French royalty and its symbolism of wisdom and valor."
"4201";"The flower often associated with perseverance and used in bouquets for encouragement is the gladiolus. The gladiolus symbolizes strength of character, faithfulness, and persistence, making it a popular choice for conveying encouragement and support."
"4193";"The flower often associated with creativity and favored by artists and creative individuals is the sunflower. Sunflowers are not only admired for their vibrant and bold appearance but also link to the sun, symbolizing vitality, creativity, and warmth. Their bright, attention-grabbing presence is often seen as inspiring, making them a favorite among those who seek to foster creativity."
"2293";"The writer who wrote ""1984"" is George Orwell."
"2679";"The sea located between Portugal and Morocco is the Atlantic Ocean. The portion of the Atlantic Ocean that separates the two is often referred to as the Alboran Sea, especially to the east near the Strait of Gibraltar."
"977";"In organic chemistry, an electrophile is a species that is attracted to electrons and can accept an electron pair. Electrophiles are typically positively charged or have an atom with a partial positive charge, and they act as electron pair acceptors in chemical reactions. This makes them very reactive towards nucleophiles, which are species that donate electron pairs.

Electrophiles can be atoms, molecules, or ions"
"3770";"Biophysicists study biological systems by applying the principles and techniques of physics to understand the structure, dynamics, interactions, and functions of biological molecules and organisms. Here are some common approaches and techniques used in biophysics:

1. **Molecular and Structural Biology**: Techniques like X-ray crystallography and nuclear magnetic resonance (NMR) spectroscopy help biophysicists determine the three"
"6010";"One chemical that acts as both an acid and a base is water (H₂O). Water is amphoteric, meaning it can react as an acid in some reactions and as a base in others. For example, in the presence of a stronger acid like hydrochloric acid (HCl), water acts as a base by accepting a proton:

\[ \text{HCl} + \text{H"
"3690";"A white dwarf is a type of stellar remnant that represents the final evolutionary stage of stars whose mass is not high enough to become a neutron star or a black hole. After a star has exhausted the nuclear fuel in its core, it will shed its outer layers, leaving behind a hot, dense core. This core is what becomes a white dwarf.

Key characteristics of white dwarfs include:

1."
"404";"The animal known for its ability to leap great distances and climb trees is the cougar, also known as the mountain lion or puma. Cougars are powerful and agile, capable of jumping up to 18 feet vertically and 40 feet horizontally. They are also adept climbers, allowing them to navigate through forested and rugged terrain effectively."
"428";"The smallest species of fox is the fennec fox (Vulpes zerda). Native to the Sahara Desert and other parts of North Africa, the fennec fox is known for its distinctive large ears and small size. Adult fennec foxes typically weigh between 1.5 to 3.5 pounds (0.68 to 1.59 kilograms) and have a body"
"5864";"In the heart of Silicon Valley, nestled between towering stacks of books and softly humming computers, Dr. Eleanor Pierce spent most of her days in her lab. To the world outside, it was an ordinary gray structure, but to her, it held the keys to the future. Eleanor was a neuroscientist, renowned for her groundbreaking research into neural connectivity and its implications for artificial intelligence.

Eleanor’s"
"4703";"Environmental scientists study the natural world through various methods and approaches, which allow them to understand ecosystems, biodiversity, and the impact of human activities. Here's an overview of how they go about their work and the insights they can provide:

### Methods of Study

1. **Field Research:**
   - **Observation and Data Collection:** Scientists often conduct field studies to observe ecosystems in their natural state. They collect"
"4686";"Designing and building bridges that can support heavy vehicles and withstand extreme weather conditions is a complex process that involves careful planning, engineering analysis, and the use of advanced materials and construction techniques. Here are key steps and considerations in this process:

1. **Site Analysis and Surveying**: Engineers conduct a thorough site analysis to understand the terrain, soil conditions, and environmental factors. This helps in selecting the"
"6004";"Here's a simple song in C Major for you. It includes verses, a chorus, and a bridge:

---

**Verse 1:**

(C) Morning light is (G) shining bright,  
(Am) Waking up the (F) world so clear.  
(C) Every day's a (G) brand new sight,  
(Am) Filled with hope and (F) cheer."
"1146";"A neutron bomb, also known as an enhanced radiation weapon (ERW), is a type of nuclear weapon designed to maximize lethal neutron radiation in the immediate area while minimizing the physical blast effects and long-lasting radioactive contamination compared to conventional nuclear weapons. The primary purpose of a neutron bomb is to incapacitate and kill living organisms within a certain radius while causing relatively limited structural damage to buildings and infrastructure.

The neutron"
"1142";"A gamma ray is a form of electromagnetic radiation with an extremely high frequency and, consequently, a very high energy level. Gamma rays are at the very end of the electromagnetic spectrum, beyond X-rays. They typically arise from the radioactive decay of atomic nuclei, a process known as gamma decay, or from other high-energy processes such as those occurring in outer space. Because of their high energy, gamma rays"
"5894";"Natural Language Processing (NLP) is a multidisciplinary field at the intersection of computer science, artificial intelligence, and linguistics. It focuses on the interaction between computers and humans through natural language. The goal of NLP is to enable computers to understand, interpret, generate, and respond to human language in a way that is both meaningful and useful.

### Key Components of NLP:

1. **Tokenization**"
"4605";"Lighting a match with a hammer isn't impossible, but it's certainly not the most practical or safe method. Matches are generally designed to be ignited by friction against a specially prepared striking surface. Trying to use a hammer to light a match involves several risks, including breaking the matchstick or not being able to control the ignition safely. 

If you were to try this, the idea would be to strike the"
"4026";"Opium is derived from the poppy plant, specifically the species *Papaver somniferum*. The milky latex extracted from the seed pods of this plant is processed to produce opium, which contains several alkaloids, including morphine and codeine."
"164";"The smallest species of penguin is the Little Penguin, also known as the Blue Penguin or Fairy Penguin. This species averages about 33 centimeters (13 inches) in height and typically weighs around 1 kilogram (2.2 pounds). Little Penguins are primarily found along the coastlines of southern Australia and New Zealand."
"943";"Enantiomers and diastereomers are both types of stereoisomers, which are compounds with the same molecular formula and sequence of bonded atoms (constitution), but that differ in the three-dimensional orientations of their atoms in space.

1. **Enantiomers**:
   - Enantiomers are pairs of stereoisomers that are non-superimposable mirror images of each other. This is similar"
"6007";"The number \(-625\) is an integer, as it is a whole number without any fractional or decimal component. Additionally, it is a rational number because it can be expressed as the fraction \(-625/1\). However, it is neither a natural number, whole number, nor a positive integer because it is negative. Lastly, it is a perfect square, as it is the square"
"4685";"Photosynthesis is the process by which plants, algae, and some bacteria convert light energy into chemical energy, allowing them to produce the organic compounds necessary for growth and energy. Here’s how it works:

1. **Light Absorption**: Photosynthesis begins when chlorophyll, the green pigment located in chloroplasts of plant cells, absorbs sunlight. Chlorophyll primarily absorbs light in the blue and red"
"3849";"The principle behind how a laser works is based on the process of ""stimulated emission,"" as described by Albert Einstein in 1917, along with other related optical processes. LASER stands for ""Light Amplification by Stimulated Emission of Radiation."" Here’s a simplified explanation of how a laser works:

1. **Energy Absorption**: Atoms or molecules in the lasing medium ("
"5996";"Five medicinal plants widely used in Ayurveda are:

1. **Ashwagandha (Withania somnifera)** - Known for its adaptogenic properties, it is often used to reduce stress, improve energy levels, and enhance overall vitality.

2. **Tulsi (Holy Basil, Ocimum sanctum)** - Revered for its health benefits, tulsi is used to boost immunity, reduce"
"5798";"One interesting bird to describe is the peacock. Peacocks are known for their vibrant plumage and impressive tail feathers, which they fan out in a display to attract mates. These birds are part of the pheasant family and are native to South Asia, although they have been introduced to other parts of the world. The male, known as a peacock, is renowned for its iridescent"
"4697";"Educators design and implement effective teaching strategies and programs through a combination of several key processes and considerations, each tailored to enhance student learning and achievement. Here's a detailed breakdown of how this is done, along with the impact these strategies have on students:

### Designing Effective Teaching Strategies:

1. **Understanding Student Needs:**
   - **Assessment:** Educators begin by assessing the needs, abilities, and learning"
"5997";"To find the first common ancestor of two nodes in a binary tree, you can use the following algorithm. This approach assumes that you have a basic understanding of trees and recursion. We will implement the solution using a recursive approach.

Here's a possible algorithm in Python:

```python
class TreeNode:
    def __init__(self, value):
        self.value = value
        self.left = None
"
"3762";"The heliosphere is a vast region of space dominated by the solar wind, a continuous flow of charged particles emitted by the Sun. It acts as a bubble that surrounds and protects our solar system, extending well beyond the orbit of Pluto. The heliosphere contains the solar magnetic field and influences the movement of cosmic rays and interstellar medium particles in its vicinity.

The boundary where the solar wind slows down and"
"5869";"Sure! A popular mnemonic to remember the eight planets in order from the sun is:

**""My Very Educated Mother Just Served Us Noodles.""**

This stands for:

- **M**ercury
- **V**enus
- **E**arth
- **M**ars
- **J**upiter
- **S**aturn
- **U**ranus
"
"4688";"Musicians compose and create new pieces of music through a variety of methods, blending creativity with technical understanding. The process is often iterative and personal, and it can vary widely from one musician to another. However, there are some common approaches and techniques:

1. **Inspiration and Conceptualization**: 
   - Many musicians start with an idea or inspiration, which could come from emotions, experiences"
"5901";"Certainly! To sort the numbers 5, 3, 9, and 1, you can use a simple sorting algorithm. One of the most straightforward sorting algorithms is the Bubble Sort. Here’s how Bubble Sort can be applied to these numbers:

1. Start with the list: 5, 3, 9, 1.

2. Compare the first pair of adjacent elements ("
"4600";"To make a salad with vegetables, you should follow these general steps:

1. **Choose Your Vegetables**: Select a variety of fresh vegetables you enjoy. Common choices include lettuce, spinach, kale, arugula, tomatoes, cucumbers, carrots, bell peppers, onions, and radishes.

2. **Wash the Vegetables**: Thoroughly wash all the vegetables under cold running water"
"5810";"Plagiarism and copyright infringement are both violations related to the use of intellectual property, but they differ in nature, intent, and the types of protections they involve:

1. **Definition and Nature**:
   - **Plagiarism** involves using someone else's work, ideas, or expressions without proper attribution, and presenting them as one's own. It is primarily an ethical issue rather than a legal one"
"3731";"Dark energy is a mysterious and hypothetical form of energy that is thought to be responsible for the accelerated expansion of the universe. It is one of the most significant and intriguing aspects of modern cosmology. Despite being a dominant constituent of the universe, making up about 68% of its total energy density, dark energy remains poorly understood.

The concept of dark energy arises from observations of distant supernovae,"
"5886";"Achieving the American Dream involves setting clear personal goals, working hard with dedication and perseverance, and seizing opportunities to improve one’s socioeconomic status and personal fulfillment."
"2216";"The philosopher known for his theory of ""The Social Contract"" is Jean-Jacques Rousseau. He detailed his ideas in his 1762 book titled ""The Social Contract, or Principles of Political Right."" In it, Rousseau discusses the concept of how individuals can come together to form a collective ""general will"" that represents the common good and how this forms the basis for a legitimate political authority"
"5870";"To calculate the perimeter of a rectangle, you can use the formula:

\[ \text{Perimeter} = 2 \times (\text{length} + \text{width}) \]

Here’s a simple algorithm to calculate the perimeter of a rectangle:

1. **Start**
2. Input the length of the rectangle into a variable, say `length`.
3. Input the width of the"
